drug_key,product_name,manufacturer,document_type,document_url,document_status,last_source_check_date,notes
edaravone,ラジカット点滴静注バッグ30mg,田辺ファーマ株式会社,electronic_label,https://www.pmda.go.jp/PmdaSearch/rdSearch/02/1190401G1026?user=1,document_present,2026-06-05,pilot GAP-001: electronic_label from primary rdSearch 2026-06-05.
edaravone,ラジカット点滴静注バッグ30mg,田辺ファーマ株式会社,interview_form,https://www.info.pmda.go.jp/go/interview/1/400315_1190401G1026_1_240_1F.pdf,document_present,2026-06-05,Stage6 C-011: IF PDF from pmda.go.jp product page (2026-06-05).
edaravone,ラジカット点滴静注バッグ30mg,田辺ファーマ株式会社,rmp,,document_unchecked,2026-06-05,pilot GAP-001: 未個別確認。
edaravone,ラジカット点滴静注バッグ30mg,田辺ファーマ株式会社,rmp_material,,document_unchecked,2026-06-05,pilot GAP-001: 未個別確認。
edaravone,ラジカット点滴静注バッグ30mg,田辺ファーマ株式会社,patient_guide,,document_unchecked,2026-06-05,pilot GAP-001: 未個別確認。
edaravone,ラジカット点滴静注バッグ30mg,田辺ファーマ株式会社,revision_history,,document_unchecked,2026-06-05,pilot GAP-001: 未個別確認。
ozagrel,カタクロット注射液40mg,丸石製薬株式会社,electronic_label,https://www.pmda.go.jp/PmdaSearch/rdSearch/02/3999411H3026?user=1,document_present,2026-06-05,pilot GAP-001: electronic_label from primary rdSearch 2026-06-05.
ozagrel,カタクロット注射液40mg,丸石製薬株式会社,interview_form,https://www.info.pmda.go.jp/go/interview/1/730119_3999411H3026_1_005_1F.pdf,document_present,2026-06-05,Stage6 C-012: IF PDF from pmda.go.jp product page (2026-06-05).
ozagrel,カタクロット注射液40mg,丸石製薬株式会社,rmp,,document_unchecked,2026-06-05,pilot GAP-001: 未個別確認。
ozagrel,カタクロット注射液40mg,丸石製薬株式会社,rmp_material,,document_unchecked,2026-06-05,pilot GAP-001: 未個別確認。
ozagrel,カタクロット注射液40mg,丸石製薬株式会社,patient_guide,,document_unchecked,2026-06-05,pilot GAP-001: 未個別確認。
ozagrel,カタクロット注射液40mg,丸石製薬株式会社,revision_history,,document_unchecked,2026-06-05,pilot GAP-001: 未個別確認。
fasudil,エリル点滴静注液30mg,旭化成ファーマ株式会社,electronic_label,https://www.pmda.go.jp/PmdaSearch/rdSearch/02/2190414A1033?user=1,document_present,2026-06-05,pilot GAP-002: electronic_label from primary rdSearch 2026-06-05.
fasudil,エリル点滴静注液30mg,旭化成ファーマ株式会社,interview_form,https://www.info.pmda.go.jp/go/interview/1/100898_2190414A1033_1_008_1F.pdf,document_present,2026-06-05,Stage6 C-012: IF PDF from pmda.go.jp product page (2026-06-05).
fasudil,エリル点滴静注液30mg,旭化成ファーマ株式会社,rmp,,document_unchecked,2026-06-05,pilot GAP-002: 未個別確認。
fasudil,エリル点滴静注液30mg,旭化成ファーマ株式会社,rmp_material,,document_unchecked,2026-06-05,pilot GAP-002: 未個別確認。
fasudil,エリル点滴静注液30mg,旭化成ファーマ株式会社,patient_guide,,document_unchecked,2026-06-05,pilot GAP-002: 未個別確認。
fasudil,エリル点滴静注液30mg,旭化成ファーマ株式会社,revision_history,,document_unchecked,2026-06-05,pilot GAP-002: 未個別確認。
clazosentan,ピヴラッツ点滴静注液150mg,ネクセラファーマジャパン株式会社,electronic_label,https://www.pmda.go.jp/PmdaSearch/rdSearch/02/2190418A1023?user=1,document_present,2026-06-05,pilot GAP-001: electronic_label from primary rdSearch 2026-06-05.
clazosentan,ピヴラッツ点滴静注液150mg,ネクセラファーマジャパン株式会社,interview_form,https://www.info.pmda.go.jp/go/interview/1/150923_2190418A1023_1_005_1F.pdf,document_present,2026-06-05,Stage6 C-011: IF PDF from pmda.go.jp product page (2026-06-05).
clazosentan,ピヴラッツ点滴静注液150mg,ネクセラファーマジャパン株式会社,rmp,,document_unchecked,2026-06-05,pilot GAP-001: 未個別確認。
clazosentan,ピヴラッツ点滴静注液150mg,ネクセラファーマジャパン株式会社,rmp_material,,document_unchecked,2026-06-05,pilot GAP-001: 未個別確認。
clazosentan,ピヴラッツ点滴静注液150mg,ネクセラファーマジャパン株式会社,patient_guide,,document_unchecked,2026-06-05,pilot GAP-001: 未個別確認。
clazosentan,ピヴラッツ点滴静注液150mg,ネクセラファーマジャパン株式会社,revision_history,,document_unchecked,2026-06-05,pilot GAP-001: 未個別確認。
alteplase,アクチバシン注600万,協和キリン株式会社,electronic_label,https://www.pmda.go.jp/PmdaSearch/rdSearch/02/3959402D1027?user=1,document_present,2026-06-05,pilot GAP-002: electronic_label from CHILD primary 2026-06-05.
alteplase,アクチバシン注600万,協和キリン株式会社,interview_form,https://www.info.pmda.go.jp/go/interview/1/230124_3959402D1027_1_009_1F.pdf,document_present,2026-06-05,Stage6 C-004: IF PDF from pmda.go.jp product page (2026-06-05).
alteplase,アクチバシン注600万,協和キリン株式会社,rmp,,document_unchecked,2026-06-05,pilot GAP-002: electronic_label from CHILD primary 2026-06-05.
alteplase,アクチバシン注600万,協和キリン株式会社,rmp_material,,document_unchecked,2026-06-05,pilot GAP-002: electronic_label from CHILD primary 2026-06-05.
alteplase,アクチバシン注600万,協和キリン株式会社,patient_guide,,document_unchecked,2026-06-05,pilot GAP-002: electronic_label from CHILD primary 2026-06-05.
alteplase,アクチバシン注600万,協和キリン株式会社,revision_history,,document_unchecked,2026-06-05,pilot GAP-002: electronic_label from CHILD primary 2026-06-05.
argatroban,ノバスタンHI注10mg/2mL,田辺ファーマ株式会社,electronic_label,https://www.pmda.go.jp/PmdaSearch/rdSearch/02/2190408A2034?user=1,document_present,2026-06-05,pilot GAP-003: electronic_label from CHILD primary 2026-06-05.
argatroban,ノバスタンHI注10mg/2mL,田辺ファーマ株式会社,interview_form,https://www.info.pmda.go.jp/go/interview/2/400315_2190408A2034_2_130_1F.pdf,document_present,2026-06-05,Stage6 C-004: IF PDF from pmda.go.jp product page (2026-06-05).
argatroban,ノバスタンHI注10mg/2mL,田辺ファーマ株式会社,rmp,,document_unchecked,2026-06-05,pilot GAP-003: electronic_label from CHILD primary 2026-06-05.
argatroban,ノバスタンHI注10mg/2mL,田辺ファーマ株式会社,rmp_material,,document_unchecked,2026-06-05,pilot GAP-003: electronic_label from CHILD primary 2026-06-05.
argatroban,ノバスタンHI注10mg/2mL,田辺ファーマ株式会社,patient_guide,,document_unchecked,2026-06-05,pilot GAP-003: electronic_label from CHILD primary 2026-06-05.
argatroban,ノバスタンHI注10mg/2mL,田辺ファーマ株式会社,revision_history,,document_unchecked,2026-06-05,pilot GAP-003: electronic_label from CHILD primary 2026-06-05.
urokinase,ウロナーゼ静注用6万単位,持田製薬株式会社,electronic_label,https://www.pmda.go.jp/PmdaSearch/rdSearch/02/3954400D4080?user=1,document_present,2026-06-05,pilot GAP-003: electronic_label from CHILD primary 2026-06-05.
urokinase,ウロナーゼ静注用6万単位,持田製薬株式会社,interview_form,https://www.info.pmda.go.jp/go/interview/1/790005_3954400D4080_1_M04_1F.pdf,document_present,2026-06-05,Stage6 C-004: IF PDF from pmda.go.jp product page (2026-06-05).
urokinase,ウロナーゼ静注用6万単位,持田製薬株式会社,rmp,,document_unchecked,2026-06-05,pilot GAP-003: electronic_label from CHILD primary 2026-06-05.
urokinase,ウロナーゼ静注用6万単位,持田製薬株式会社,rmp_material,,document_unchecked,2026-06-05,pilot GAP-003: electronic_label from CHILD primary 2026-06-05.
urokinase,ウロナーゼ静注用6万単位,持田製薬株式会社,patient_guide,,document_unchecked,2026-06-05,pilot GAP-003: electronic_label from CHILD primary 2026-06-05.
urokinase,ウロナーゼ静注用6万単位,持田製薬株式会社,revision_history,,document_unchecked,2026-06-05,pilot GAP-003: electronic_label from CHILD primary 2026-06-05.
diazepam,ホリゾン注射液10mg,丸石製薬株式会社,electronic_label,https://www.pmda.go.jp/PmdaSearch/bookSearch/01/04987211257859,document_present,2026-06-05,pilot GAP-004: electronic_label from CHILD primary 2026-06-05.
diazepam,ホリゾン注射液10mg,丸石製薬株式会社,interview_form,,document_absent_after_search,2026-06-05,Stage6 C-002: bookSearch primary page has no IF link; verify IF via rdSearch product hub separately (2026-06-05).
diazepam,ホリゾン注射液10mg,丸石製薬株式会社,rmp,,document_unchecked,2026-06-05,pilot GAP-004: electronic_label from CHILD primary 2026-06-05.
diazepam,ホリゾン注射液10mg,丸石製薬株式会社,rmp_material,,document_unchecked,2026-06-05,pilot GAP-004: electronic_label from CHILD primary 2026-06-05.
diazepam,ホリゾン注射液10mg,丸石製薬株式会社,patient_guide,,document_unchecked,2026-06-05,pilot GAP-004: electronic_label from CHILD primary 2026-06-05.
diazepam,ホリゾン注射液10mg,丸石製薬株式会社,revision_history,,document_unchecked,2026-06-05,pilot GAP-004: electronic_label from CHILD primary 2026-06-05.
lorazepam,ワイパックス錠1.0,ファイザー株式会社,electronic_label,https://www.pmda.go.jp/PmdaSearch/bookSearch/01/04987114553492,document_present,2026-06-05,pilot GAP-004: electronic_label from CHILD primary 2026-06-05.
lorazepam,ワイパックス錠1.0,ファイザー株式会社,interview_form,,document_absent_after_search,2026-06-05,Stage6 C-002: bookSearch primary page has no IF link; verify IF via rdSearch product hub separately (2026-06-05).
lorazepam,ワイパックス錠1.0,ファイザー株式会社,rmp,,document_unchecked,2026-06-05,pilot GAP-004: electronic_label from CHILD primary 2026-06-05.
lorazepam,ワイパックス錠1.0,ファイザー株式会社,rmp_material,,document_unchecked,2026-06-05,pilot GAP-004: electronic_label from CHILD primary 2026-06-05.
lorazepam,ワイパックス錠1.0,ファイザー株式会社,patient_guide,,document_unchecked,2026-06-05,pilot GAP-004: electronic_label from CHILD primary 2026-06-05.
lorazepam,ワイパックス錠1.0,ファイザー株式会社,revision_history,,document_unchecked,2026-06-05,pilot GAP-004: electronic_label from CHILD primary 2026-06-05.
phenobarbital,フェノバール錠30mg,藤永製薬株式会社,electronic_label,https://www.pmda.go.jp/PmdaSearch/bookSearch/01/04987081741502,document_present,2026-06-05,pilot GAP-004: electronic_label from CHILD primary 2026-06-05.
phenobarbital,フェノバール錠30mg,藤永製薬株式会社,interview_form,,document_absent_after_search,2026-06-05,Stage6 C-002: bookSearch primary page has no IF link; verify IF via rdSearch product hub separately (2026-06-05).
phenobarbital,フェノバール錠30mg,藤永製薬株式会社,rmp,,document_unchecked,2026-06-05,pilot GAP-004: electronic_label from CHILD primary 2026-06-05.
phenobarbital,フェノバール錠30mg,藤永製薬株式会社,rmp_material,,document_unchecked,2026-06-05,pilot GAP-004: electronic_label from CHILD primary 2026-06-05.
phenobarbital,フェノバール錠30mg,藤永製薬株式会社,patient_guide,,document_unchecked,2026-06-05,pilot GAP-004: electronic_label from CHILD primary 2026-06-05.
phenobarbital,フェノバール錠30mg,藤永製薬株式会社,revision_history,,document_unchecked,2026-06-05,pilot GAP-004: electronic_label from CHILD primary 2026-06-05.
clobazam,マイスタン錠10mg,住友ファーマ株式会社,electronic_label,https://www.pmda.go.jp/PmdaSearch/bookSearch/01/04987116563680,document_present,2026-06-05,pilot GAP-003: electronic_label from CHILD primary 2026-06-05.
clobazam,マイスタン錠10mg,住友ファーマ株式会社,interview_form,,document_absent_after_search,2026-06-05,Stage6 C-002: bookSearch primary page has no IF link; verify IF via rdSearch product hub separately (2026-06-05).
clobazam,マイスタン錠10mg,住友ファーマ株式会社,rmp,,document_unchecked,2026-06-05,pilot GAP-003: electronic_label from CHILD primary 2026-06-05.
clobazam,マイスタン錠10mg,住友ファーマ株式会社,rmp_material,,document_unchecked,2026-06-05,pilot GAP-003: electronic_label from CHILD primary 2026-06-05.
clobazam,マイスタン錠10mg,住友ファーマ株式会社,patient_guide,,document_unchecked,2026-06-05,pilot GAP-003: electronic_label from CHILD primary 2026-06-05.
clobazam,マイスタン錠10mg,住友ファーマ株式会社,revision_history,,document_unchecked,2026-06-05,pilot GAP-003: electronic_label from CHILD primary 2026-06-05.
thiopental,ラボナール注射用0.5g,ニプロ株式会社,electronic_label,https://www.pmda.go.jp/PmdaSearch/rdSearch/02/1115400X2023?user=1,document_present,2026-06-05,pilot GAP-005: electronic_label from primary rdSearch 2026-06-05.
thiopental,ラボナール注射用0.5g,ニプロ株式会社,interview_form,https://www.info.pmda.go.jp/go/interview/3/530100_1115400X1027_3_001_1F.pdf,document_present,2026-06-05,Stage6 C-013: IF PDF from pmda.go.jp product page (2026-06-05).
thiopental,ラボナール注射用0.5g,ニプロ株式会社,rmp,,document_unchecked,2026-06-05,pilot GAP-005: 未個別確認。
thiopental,ラボナール注射用0.5g,ニプロ株式会社,rmp_material,,document_unchecked,2026-06-05,pilot GAP-005: 未個別確認。
thiopental,ラボナール注射用0.5g,ニプロ株式会社,patient_guide,,document_unchecked,2026-06-05,pilot GAP-005: 未個別確認。
thiopental,ラボナール注射用0.5g,ニプロ株式会社,revision_history,,document_unchecked,2026-06-05,pilot GAP-005: 未個別確認。
thiamylal,イソゾール注射用0.5g,日医工株式会社,electronic_label,https://www.pmda.go.jp/PmdaSearch/rdSearch/02/1115403D3043?user=1,document_present,2026-06-05,pilot GAP-005: electronic_label from primary rdSearch 2026-06-05.
thiamylal,イソゾール注射用0.5g,日医工株式会社,interview_form,https://www.info.pmda.go.jp/go/interview/1/530169_1115403D3043_1_008_1F.pdf,document_present,2026-06-05,Stage6 C-013: IF PDF from pmda.go.jp product page (2026-06-05).
thiamylal,イソゾール注射用0.5g,日医工株式会社,rmp,,document_unchecked,2026-06-05,pilot GAP-005: 未個別確認。
thiamylal,イソゾール注射用0.5g,日医工株式会社,rmp_material,,document_unchecked,2026-06-05,pilot GAP-005: 未個別確認。
thiamylal,イソゾール注射用0.5g,日医工株式会社,patient_guide,,document_unchecked,2026-06-05,pilot GAP-005: 未個別確認。
thiamylal,イソゾール注射用0.5g,日医工株式会社,revision_history,,document_unchecked,2026-06-05,pilot GAP-005: 未個別確認。
pentobarbital,ラボナ錠50mg,田辺ファーマ株式会社,electronic_label,https://www.pmda.go.jp/PmdaSearch/rdSearch/02/1125006F1030?user=1,document_present,2026-06-05,pilot GAP-005: electronic_label from primary rdSearch 2026-06-05.
pentobarbital,ラボナ錠50mg,田辺ファーマ株式会社,interview_form,https://www.info.pmda.go.jp/go/interview/1/400315_1125006F1030_1_100_1F.pdf,document_present,2026-06-05,Stage6 C-012: IF PDF from pmda.go.jp product page (2026-06-05).
pentobarbital,ラボナ錠50mg,田辺ファーマ株式会社,rmp,,document_unchecked,2026-06-05,pilot GAP-005: 未個別確認。
pentobarbital,ラボナ錠50mg,田辺ファーマ株式会社,rmp_material,,document_unchecked,2026-06-05,pilot GAP-005: 未個別確認。
pentobarbital,ラボナ錠50mg,田辺ファーマ株式会社,patient_guide,,document_unchecked,2026-06-05,pilot GAP-005: 未個別確認。
pentobarbital,ラボナ錠50mg,田辺ファーマ株式会社,revision_history,,document_unchecked,2026-06-05,pilot GAP-005: 未個別確認。
remimazolam,アネレム静注用20mg,ムンディファーマ株式会社,electronic_label,https://www.pmda.go.jp/PmdaSearch/rdSearch/02/1119403F1024?user=1,document_present,2026-06-05,pilot GAP-005: electronic_label from primary rdSearch 2026-06-05.
remimazolam,アネレム静注用20mg,ムンディファーマ株式会社,interview_form,https://www.info.pmda.go.jp/go/interview/1/770098_1119403F1024_1_004_1F.pdf,document_present,2026-06-05,Stage6 C-013: IF PDF from pmda.go.jp product page (2026-06-05).
remimazolam,アネレム静注用20mg,ムンディファーマ株式会社,rmp,,document_unchecked,2026-06-05,pilot GAP-005: 未個別確認。
remimazolam,アネレム静注用20mg,ムンディファーマ株式会社,rmp_material,,document_unchecked,2026-06-05,pilot GAP-005: 未個別確認。
remimazolam,アネレム静注用20mg,ムンディファーマ株式会社,patient_guide,,document_unchecked,2026-06-05,pilot GAP-005: 未個別確認。
remimazolam,アネレム静注用20mg,ムンディファーマ株式会社,revision_history,,document_unchecked,2026-06-05,pilot GAP-005: 未個別確認。
ketamine,ケタラール静注用50mg,第一三共株式会社,electronic_label,https://www.pmda.go.jp/PmdaSearch/rdSearch/02/1119400A3026?user=1,document_present,2026-06-05,pilot GAP-006: electronic_label from CHILD primary 2026-06-05.
ketamine,ケタラール静注用50mg,第一三共株式会社,interview_form,https://www.pmda.go.jp/PmdaSearch/iyakuDetail/430574_1119400A1031_4_01,document_present,2026-06-05,Stage6 C-010: IF iyakuDetail page from product hub (2026-06-05).
ketamine,ケタラール静注用50mg,第一三共株式会社,rmp,,document_unchecked,2026-06-05,pilot GAP-006: electronic_label from CHILD primary 2026-06-05.
ketamine,ケタラール静注用50mg,第一三共株式会社,rmp_material,,document_unchecked,2026-06-05,pilot GAP-006: electronic_label from CHILD primary 2026-06-05.
ketamine,ケタラール静注用50mg,第一三共株式会社,patient_guide,,document_unchecked,2026-06-05,pilot GAP-006: electronic_label from CHILD primary 2026-06-05.
ketamine,ケタラール静注用50mg,第一三共株式会社,revision_history,,document_unchecked,2026-06-05,pilot GAP-006: electronic_label from CHILD primary 2026-06-05.
rocuronium,エスラックス静注25mg/2.5mL,MSD株式会社,electronic_label,https://www.pmda.go.jp/PmdaSearch/rdSearch/02/1229405A1028?user=1,document_present,2026-06-05,pilot GAP-006: electronic_label from CHILD primary 2026-06-05.
rocuronium,エスラックス静注25mg/2.5mL,MSD株式会社,interview_form,https://www.info.pmda.go.jp/go/interview/2/170050_1229405A1028_2_011_1F.pdf,document_present,2026-06-05,Stage6 C-013: IF PDF from pmda.go.jp product page (2026-06-05).
rocuronium,エスラックス静注25mg/2.5mL,MSD株式会社,rmp,,document_unchecked,2026-06-05,pilot GAP-006: electronic_label from CHILD primary 2026-06-05.
rocuronium,エスラックス静注25mg/2.5mL,MSD株式会社,rmp_material,,document_unchecked,2026-06-05,pilot GAP-006: electronic_label from CHILD primary 2026-06-05.
rocuronium,エスラックス静注25mg/2.5mL,MSD株式会社,patient_guide,,document_unchecked,2026-06-05,pilot GAP-006: electronic_label from CHILD primary 2026-06-05.
rocuronium,エスラックス静注25mg/2.5mL,MSD株式会社,revision_history,,document_unchecked,2026-06-05,pilot GAP-006: electronic_label from CHILD primary 2026-06-05.
sugammadex,ブリディオン静注200mg,MSD株式会社,electronic_label,https://www.pmda.go.jp/PmdaSearch/rdSearch/02/3929409A1023?user=1,document_present,2026-06-05,pilot GAP-006: electronic_label from CHILD primary 2026-06-05.
sugammadex,ブリディオン静注200mg,MSD株式会社,interview_form,https://www.info.pmda.go.jp/go/interview/1/170050_3929409A1023_1_011_1F.pdf,document_present,2026-06-05,Stage6 C-013: IF PDF from pmda.go.jp product page (2026-06-05).
sugammadex,ブリディオン静注200mg,MSD株式会社,rmp,,document_unchecked,2026-06-05,pilot GAP-006: electronic_label from CHILD primary 2026-06-05.
sugammadex,ブリディオン静注200mg,MSD株式会社,rmp_material,,document_unchecked,2026-06-05,pilot GAP-006: electronic_label from CHILD primary 2026-06-05.
sugammadex,ブリディオン静注200mg,MSD株式会社,patient_guide,,document_unchecked,2026-06-05,pilot GAP-006: electronic_label from CHILD primary 2026-06-05.
sugammadex,ブリディオン静注200mg,MSD株式会社,revision_history,,document_unchecked,2026-06-05,pilot GAP-006: electronic_label from CHILD primary 2026-06-05.
vitamin_k,ケイツーN静注10mg,エーザイ株式会社,electronic_label,https://www.pmda.go.jp/PmdaSearch/rdSearch/02/3160401A6041?user=1,document_present,2026-06-05,pilot GAP-006: electronic_label from CHILD primary 2026-06-05.
vitamin_k,ケイツーN静注10mg,エーザイ株式会社,interview_form,https://www.info.pmda.go.jp/go/interview/1/170033_3160401A6041_1_011_1F.pdf,document_present,2026-06-05,Stage6 C-013: IF PDF from pmda.go.jp product page (2026-06-05).
vitamin_k,ケイツーN静注10mg,エーザイ株式会社,rmp,,document_unchecked,2026-06-05,pilot GAP-006: electronic_label from CHILD primary 2026-06-05.
vitamin_k,ケイツーN静注10mg,エーザイ株式会社,rmp_material,,document_unchecked,2026-06-05,pilot GAP-006: electronic_label from CHILD primary 2026-06-05.
vitamin_k,ケイツーN静注10mg,エーザイ株式会社,patient_guide,,document_unchecked,2026-06-05,pilot GAP-006: electronic_label from CHILD primary 2026-06-05.
vitamin_k,ケイツーN静注10mg,エーザイ株式会社,revision_history,,document_unchecked,2026-06-05,pilot GAP-006: electronic_label from CHILD primary 2026-06-05.
cryoprecipitate,（院内作製）クリオプレシピテート（原料：新鮮凍結血漿−LR「日赤」480）,日本赤十字社,electronic_label,https://www.pmda.go.jp/PmdaSearch/rdSearch/02/6342406X9026?user=1,document_present,2026-06-05,pilot GAP-013: electronic_label from CHILD primary 2026-06-05.
cryoprecipitate,（院内作製）クリオプレシピテート（原料：新鮮凍結血漿−LR「日赤」480）,日本赤十字社,interview_form,https://www.pmda.go.jp/PmdaSearch/iyakuDetail/530286_6342406X9026_1_08,document_present,2026-06-05,Stage6 C-005: IF iyakuDetail page from product hub (2026-06-05).
cryoprecipitate,（院内作製）クリオプレシピテート（原料：新鮮凍結血漿−LR「日赤」480）,日本赤十字社,rmp,,document_unchecked,2026-06-05,pilot GAP-013: electronic_label from CHILD primary 2026-06-05.
cryoprecipitate,（院内作製）クリオプレシピテート（原料：新鮮凍結血漿−LR「日赤」480）,日本赤十字社,rmp_material,,document_unchecked,2026-06-05,pilot GAP-013: electronic_label from CHILD primary 2026-06-05.
cryoprecipitate,（院内作製）クリオプレシピテート（原料：新鮮凍結血漿−LR「日赤」480）,日本赤十字社,patient_guide,,document_unchecked,2026-06-05,pilot GAP-013: electronic_label from CHILD primary 2026-06-05.
cryoprecipitate,（院内作製）クリオプレシピテート（原料：新鮮凍結血漿−LR「日赤」480）,日本赤十字社,revision_history,,document_unchecked,2026-06-05,pilot GAP-013: electronic_label from CHILD primary 2026-06-05.
red_blood_cell_concentrate,赤血球液-LR「日赤」（1単位）,日本赤十字社,electronic_label,https://www.pmda.go.jp/PmdaSearch/rdSearch/02/6342405X3031?user=1,document_present,2026-06-05,pilot GAP-010: electronic_label from CHILD primary 2026-06-05.
red_blood_cell_concentrate,赤血球液-LR「日赤」（1単位）,日本赤十字社,interview_form,https://www.pmda.go.jp/PmdaSearch/iyakuDetail/530286_6342405X3031_1_07,document_present,2026-06-05,Stage6 C-005: IF iyakuDetail page from product hub (2026-06-05).
red_blood_cell_concentrate,赤血球液-LR「日赤」（1単位）,日本赤十字社,rmp,,document_unchecked,2026-06-05,pilot GAP-010: electronic_label from CHILD primary 2026-06-05.
red_blood_cell_concentrate,赤血球液-LR「日赤」（1単位）,日本赤十字社,rmp_material,,document_unchecked,2026-06-05,pilot GAP-010: electronic_label from CHILD primary 2026-06-05.
red_blood_cell_concentrate,赤血球液-LR「日赤」（1単位）,日本赤十字社,patient_guide,,document_unchecked,2026-06-05,pilot GAP-010: electronic_label from CHILD primary 2026-06-05.
red_blood_cell_concentrate,赤血球液-LR「日赤」（1単位）,日本赤十字社,revision_history,,document_unchecked,2026-06-05,pilot GAP-010: electronic_label from CHILD primary 2026-06-05.
albumin,献血アルブミン25％静注12.5g/50mL「タケダ」,武田薬品工業株式会社,electronic_label,https://www.pmda.go.jp/PmdaSearch/rdSearch/02/6343410X5253?user=1,document_present,2026-06-05,pilot GAP-011: electronic_label from CHILD primary 2026-06-05.
albumin,献血アルブミン25％静注12.5g/50mL「タケダ」,武田薬品工業株式会社,interview_form,https://www.info.pmda.go.jp/go/interview/1/400256_6343410X5253_1_002_1F.pdf,document_present,2026-06-05,Stage6 C-011: IF PDF from pmda.go.jp product page (2026-06-05).
albumin,献血アルブミン25％静注12.5g/50mL「タケダ」,武田薬品工業株式会社,rmp,,document_unchecked,2026-06-05,pilot GAP-011: electronic_label from CHILD primary 2026-06-05.
albumin,献血アルブミン25％静注12.5g/50mL「タケダ」,武田薬品工業株式会社,rmp_material,,document_unchecked,2026-06-05,pilot GAP-011: electronic_label from CHILD primary 2026-06-05.
albumin,献血アルブミン25％静注12.5g/50mL「タケダ」,武田薬品工業株式会社,patient_guide,,document_unchecked,2026-06-05,pilot GAP-011: electronic_label from CHILD primary 2026-06-05.
albumin,献血アルブミン25％静注12.5g/50mL「タケダ」,武田薬品工業株式会社,revision_history,,document_unchecked,2026-06-05,pilot GAP-011: electronic_label from CHILD primary 2026-06-05.
ampicillin,ビクシリン注射用1g,Meiji Seika ファルマ株式会社,electronic_label,https://www.pmda.go.jp/PmdaSearch/rdSearch/02/6131400D1078?user=1,document_present,2026-06-05,pilot GAP-007: electronic_label from CHILD primary 2026-06-05.
ampicillin,ビクシリン注射用1g,Meiji Seika ファルマ株式会社,interview_form,https://www.info.pmda.go.jp/go/interview/1/780009_6131400D1078_1_000_1F.pdf,document_present,2026-06-05,Stage6 C-008: IF PDF from pmda.go.jp product page (2026-06-05).
ampicillin,ビクシリン注射用1g,Meiji Seika ファルマ株式会社,rmp,,document_unchecked,2026-06-05,pilot GAP-007: electronic_label from CHILD primary 2026-06-05.
ampicillin,ビクシリン注射用1g,Meiji Seika ファルマ株式会社,rmp_material,,document_unchecked,2026-06-05,pilot GAP-007: electronic_label from CHILD primary 2026-06-05.
ampicillin,ビクシリン注射用1g,Meiji Seika ファルマ株式会社,patient_guide,,document_unchecked,2026-06-05,pilot GAP-007: electronic_label from CHILD primary 2026-06-05.
ampicillin,ビクシリン注射用1g,Meiji Seika ファルマ株式会社,revision_history,,document_unchecked,2026-06-05,pilot GAP-007: electronic_label from CHILD primary 2026-06-05.
cefotaxime,クラフォラン注射用1g,サノフィ株式会社,electronic_label,https://www.pmda.go.jp/PmdaSearch/rdSearch/02/6132409D2056?user=1,document_present,2026-06-05,pilot GAP-007: electronic_label from CHILD primary 2026-06-05.
cefotaxime,クラフォラン注射用1g,サノフィ株式会社,interview_form,https://www.info.pmda.go.jp/go/interview/1/780069_6132409D1050_1_008_1F.pdf,document_present,2026-06-05,Stage6 C-007: IF PDF from pmda.go.jp product page (2026-06-05).
cefotaxime,クラフォラン注射用1g,サノフィ株式会社,rmp,,document_unchecked,2026-06-05,pilot GAP-007: electronic_label from CHILD primary 2026-06-05.
cefotaxime,クラフォラン注射用1g,サノフィ株式会社,rmp_material,,document_unchecked,2026-06-05,pilot GAP-007: electronic_label from CHILD primary 2026-06-05.
cefotaxime,クラフォラン注射用1g,サノフィ株式会社,patient_guide,,document_unchecked,2026-06-05,pilot GAP-007: electronic_label from CHILD primary 2026-06-05.
cefotaxime,クラフォラン注射用1g,サノフィ株式会社,revision_history,,document_unchecked,2026-06-05,pilot GAP-007: electronic_label from CHILD primary 2026-06-05.
sulbactam_ampicillin,ユナシン−Sキット静注用1.5g,ファイザー株式会社,electronic_label,https://www.pmda.go.jp/PmdaSearch/rdSearch/02/6139504G1028?user=1,document_present,2026-06-05,pilot GAP-007: electronic_label from CHILD primary 2026-06-05.
sulbactam_ampicillin,ユナシン−Sキット静注用1.5g,ファイザー株式会社,interview_form,https://www.info.pmda.go.jp/go/interview/3/672212_6139504G1028_3_1F.pdf,document_present,2026-06-05,Stage6 C-013: IF PDF from pmda.go.jp product page (2026-06-05).
sulbactam_ampicillin,ユナシン−Sキット静注用1.5g,ファイザー株式会社,rmp,,document_unchecked,2026-06-05,pilot GAP-007: electronic_label from CHILD primary 2026-06-05.
sulbactam_ampicillin,ユナシン−Sキット静注用1.5g,ファイザー株式会社,rmp_material,,document_unchecked,2026-06-05,pilot GAP-007: electronic_label from CHILD primary 2026-06-05.
sulbactam_ampicillin,ユナシン−Sキット静注用1.5g,ファイザー株式会社,patient_guide,,document_unchecked,2026-06-05,pilot GAP-007: electronic_label from CHILD primary 2026-06-05.
sulbactam_ampicillin,ユナシン−Sキット静注用1.5g,ファイザー株式会社,revision_history,,document_unchecked,2026-06-05,pilot GAP-007: electronic_label from CHILD primary 2026-06-05.
metronidazole,アネメトロ点滴静注液500mg,ファイザー株式会社,electronic_label,https://www.pmda.go.jp/PmdaSearch/rdSearch/02/6419401A1027?user=1,document_present,2026-06-05,pilot GAP-007: electronic_label from CHILD primary 2026-06-05.
metronidazole,アネメトロ点滴静注液500mg,ファイザー株式会社,interview_form,https://www.info.pmda.go.jp/go/interview/2/672212_6419401A1027_2_1F.pdf,document_present,2026-06-05,Stage6 C-007: IF PDF from pmda.go.jp product page (2026-06-05).
metronidazole,アネメトロ点滴静注液500mg,ファイザー株式会社,rmp,,document_unchecked,2026-06-05,pilot GAP-007: electronic_label from CHILD primary 2026-06-05.
metronidazole,アネメトロ点滴静注液500mg,ファイザー株式会社,rmp_material,,document_unchecked,2026-06-05,pilot GAP-007: electronic_label from CHILD primary 2026-06-05.
metronidazole,アネメトロ点滴静注液500mg,ファイザー株式会社,patient_guide,,document_unchecked,2026-06-05,pilot GAP-007: electronic_label from CHILD primary 2026-06-05.
metronidazole,アネメトロ点滴静注液500mg,ファイザー株式会社,revision_history,,document_unchecked,2026-06-05,pilot GAP-007: electronic_label from CHILD primary 2026-06-05.
levofloxacin,クラビット点滴静注500mg/20mL,第一三共株式会社,electronic_label,https://www.pmda.go.jp/PmdaSearch/rdSearch/02/6241402A1021?user=1,document_present,2026-06-05,pilot GAP-008: electronic_label from CHILD primary 2026-06-05.
levofloxacin,クラビット点滴静注500mg/20mL,第一三共株式会社,interview_form,https://www.info.pmda.go.jp/go/interview/1/430574_6241402A1021_1_C13_1F.pdf,document_present,2026-06-05,Stage6 C-012: IF PDF from pmda.go.jp product page (2026-06-05).
levofloxacin,クラビット点滴静注500mg/20mL,第一三共株式会社,rmp,,document_unchecked,2026-06-05,pilot GAP-008: electronic_label from CHILD primary 2026-06-05.
levofloxacin,クラビット点滴静注500mg/20mL,第一三共株式会社,rmp_material,,document_unchecked,2026-06-05,pilot GAP-008: electronic_label from CHILD primary 2026-06-05.
levofloxacin,クラビット点滴静注500mg/20mL,第一三共株式会社,patient_guide,,document_unchecked,2026-06-05,pilot GAP-008: electronic_label from CHILD primary 2026-06-05.
levofloxacin,クラビット点滴静注500mg/20mL,第一三共株式会社,revision_history,,document_unchecked,2026-06-05,pilot GAP-008: electronic_label from CHILD primary 2026-06-05.
tolvaptan,サムスカOD錠7.5mg,大塚製薬株式会社,electronic_label,https://www.pmda.go.jp/PmdaSearch/rdSearch/02/2139011D1022?user=1,document_present,2026-06-05,pilot GAP-008: electronic_label from CHILD primary 2026-06-05.
tolvaptan,サムスカOD錠7.5mg,大塚製薬株式会社,interview_form,https://www.info.pmda.go.jp/go/interview/1/180078_2139011D1022_1_031_1F.pdf,document_present,2026-06-05,Stage6 C-011: IF PDF from pmda.go.jp product page (2026-06-05).
tolvaptan,サムスカOD錠7.5mg,大塚製薬株式会社,rmp,,document_unchecked,2026-06-05,pilot GAP-008: electronic_label from CHILD primary 2026-06-05.
tolvaptan,サムスカOD錠7.5mg,大塚製薬株式会社,rmp_material,,document_unchecked,2026-06-05,pilot GAP-008: electronic_label from CHILD primary 2026-06-05.
tolvaptan,サムスカOD錠7.5mg,大塚製薬株式会社,patient_guide,,document_unchecked,2026-06-05,pilot GAP-008: electronic_label from CHILD primary 2026-06-05.
tolvaptan,サムスカOD錠7.5mg,大塚製薬株式会社,revision_history,,document_unchecked,2026-06-05,pilot GAP-008: electronic_label from CHILD primary 2026-06-05.
fludrocortisone,フロリネフ錠0.1mg,サンドファーマ株式会社,electronic_label,https://www.pmda.go.jp/PmdaSearch/rdSearch/02/2452003F1035?user=1,document_present,2026-06-05,pilot GAP-005+: electronic_label from primary rdSearch 2026-06-05.
fludrocortisone,フロリネフ錠0.1mg,サンドファーマ株式会社,interview_form,https://www.info.pmda.go.jp/go/interview/2/112268_2452003F1035_2_006_1F.pdf,document_present,2026-06-05,Stage6 C-012: IF PDF from pmda.go.jp product page (2026-06-05).
fludrocortisone,フロリネフ錠0.1mg,サンドファーマ株式会社,rmp,,document_unchecked,2026-06-05,pilot GAP-005+: 未個別確認。
fludrocortisone,フロリネフ錠0.1mg,サンドファーマ株式会社,rmp_material,,document_unchecked,2026-06-05,pilot GAP-005+: 未個別確認。
fludrocortisone,フロリネフ錠0.1mg,サンドファーマ株式会社,patient_guide,,document_unchecked,2026-06-05,pilot GAP-005+: 未個別確認。
fludrocortisone,フロリネフ錠0.1mg,サンドファーマ株式会社,revision_history,,document_unchecked,2026-06-05,pilot GAP-005+: 未個別確認。
furosemide,ラシックス注20mg,サノフィ株式会社,electronic_label,https://www.pmda.go.jp/PmdaSearch/rdSearch/02/2139401A2137?user=1,document_present,2026-06-05,pilot GAP-008: electronic_label from CHILD primary 2026-06-05.
furosemide,ラシックス注20mg,サノフィ株式会社,interview_form,https://www.info.pmda.go.jp/go/interview/1/780069_2139401A2137_1_013_1F.pdf,document_present,2026-06-05,Stage6 C-008: IF PDF from pmda.go.jp product page (2026-06-05).
furosemide,ラシックス注20mg,サノフィ株式会社,rmp,,document_unchecked,2026-06-05,pilot GAP-008: electronic_label from CHILD primary 2026-06-05.
furosemide,ラシックス注20mg,サノフィ株式会社,rmp_material,,document_unchecked,2026-06-05,pilot GAP-008: electronic_label from CHILD primary 2026-06-05.
furosemide,ラシックス注20mg,サノフィ株式会社,patient_guide,,document_unchecked,2026-06-05,pilot GAP-008: electronic_label from CHILD primary 2026-06-05.
furosemide,ラシックス注20mg,サノフィ株式会社,revision_history,,document_unchecked,2026-06-05,pilot GAP-008: electronic_label from CHILD primary 2026-06-05.
levothyroxine,チラーヂンS錠50μg,あすか製薬株式会社,electronic_label,https://www.pmda.go.jp/PmdaSearch/rdSearch/02/2431004F1056?user=1,document_present,2026-06-05,pilot GAP-008: electronic_label from CHILD primary 2026-06-05.
levothyroxine,チラーヂンS錠50μg,あすか製薬株式会社,interview_form,https://www.info.pmda.go.jp/go/interview/1/470007_2431004F1056_1_V16_1F.pdf,document_present,2026-06-05,Stage6 C-012: IF PDF from pmda.go.jp product page (2026-06-05).
levothyroxine,チラーヂンS錠50μg,あすか製薬株式会社,rmp,,document_unchecked,2026-06-05,pilot GAP-008: electronic_label from CHILD primary 2026-06-05.
levothyroxine,チラーヂンS錠50μg,あすか製薬株式会社,rmp_material,,document_unchecked,2026-06-05,pilot GAP-008: electronic_label from CHILD primary 2026-06-05.
levothyroxine,チラーヂンS錠50μg,あすか製薬株式会社,patient_guide,,document_unchecked,2026-06-05,pilot GAP-008: electronic_label from CHILD primary 2026-06-05.
levothyroxine,チラーヂンS錠50μg,あすか製薬株式会社,revision_history,,document_unchecked,2026-06-05,pilot GAP-008: electronic_label from CHILD primary 2026-06-05.
landiolol,コアベータ静注用12.5mg,小野薬品工業株式会社,electronic_label,https://www.pmda.go.jp/PmdaSearch/rdSearch/02/2123404D2021?user=1,document_present,2026-06-05,pilot GAP-009: electronic_label from CHILD primary 2026-06-05.
landiolol,コアベータ静注用12.5mg,小野薬品工業株式会社,interview_form,https://www.info.pmda.go.jp/go/interview/A/180188_2123404D2021_A_007_1F.pdf,document_present,2026-06-05,Stage6 C-009: IF PDF from pmda.go.jp product page (2026-06-05).
landiolol,コアベータ静注用12.5mg,小野薬品工業株式会社,rmp,,document_unchecked,2026-06-05,pilot GAP-009: electronic_label from CHILD primary 2026-06-05.
landiolol,コアベータ静注用12.5mg,小野薬品工業株式会社,rmp_material,,document_unchecked,2026-06-05,pilot GAP-009: electronic_label from CHILD primary 2026-06-05.
landiolol,コアベータ静注用12.5mg,小野薬品工業株式会社,patient_guide,,document_unchecked,2026-06-05,pilot GAP-009: electronic_label from CHILD primary 2026-06-05.
landiolol,コアベータ静注用12.5mg,小野薬品工業株式会社,revision_history,,document_unchecked,2026-06-05,pilot GAP-009: electronic_label from CHILD primary 2026-06-05.
esmolol,ブレビブロック注100mg,丸石製薬株式会社,electronic_label,https://www.pmda.go.jp/PmdaSearch/rdSearch/02/2123405A1023?user=1,document_present,2026-06-05,pilot GAP-009: electronic_label from CHILD primary 2026-06-05.
esmolol,ブレビブロック注100mg,丸石製薬株式会社,interview_form,https://www.info.pmda.go.jp/go/interview/1/730119_2123405A1023_1_011_1F.pdf,document_present,2026-06-05,Stage6 C-009: IF PDF from pmda.go.jp product page (2026-06-05).
esmolol,ブレビブロック注100mg,丸石製薬株式会社,rmp,,document_unchecked,2026-06-05,pilot GAP-009: electronic_label from CHILD primary 2026-06-05.
esmolol,ブレビブロック注100mg,丸石製薬株式会社,rmp_material,,document_unchecked,2026-06-05,pilot GAP-009: electronic_label from CHILD primary 2026-06-05.
esmolol,ブレビブロック注100mg,丸石製薬株式会社,patient_guide,,document_unchecked,2026-06-05,pilot GAP-009: electronic_label from CHILD primary 2026-06-05.
esmolol,ブレビブロック注100mg,丸石製薬株式会社,revision_history,,document_unchecked,2026-06-05,pilot GAP-009: electronic_label from CHILD primary 2026-06-05.
nitroglycerin,ミリスロール注1mg／2mL,日本化薬株式会社,electronic_label,https://www.pmda.go.jp/PmdaSearch/rdSearch/02/2171403A1030?user=1,document_present,2026-06-05,pilot GAP-009: electronic_label from CHILD primary 2026-06-05.
nitroglycerin,ミリスロール注1mg／2mL,日本化薬株式会社,interview_form,https://www.info.pmda.go.jp/go/interview/1/530191_2171403A1030_1_008_1F.pdf,document_present,2026-06-05,Stage6 C-012: IF PDF from pmda.go.jp product page (2026-06-05).
nitroglycerin,ミリスロール注1mg／2mL,日本化薬株式会社,rmp,,document_unchecked,2026-06-05,pilot GAP-009: electronic_label from CHILD primary 2026-06-05.
nitroglycerin,ミリスロール注1mg／2mL,日本化薬株式会社,rmp_material,,document_unchecked,2026-06-05,pilot GAP-009: electronic_label from CHILD primary 2026-06-05.
nitroglycerin,ミリスロール注1mg／2mL,日本化薬株式会社,patient_guide,,document_unchecked,2026-06-05,pilot GAP-009: electronic_label from CHILD primary 2026-06-05.
nitroglycerin,ミリスロール注1mg／2mL,日本化薬株式会社,revision_history,,document_unchecked,2026-06-05,pilot GAP-009: electronic_label from CHILD primary 2026-06-05.
nitroprusside,ニトプロ持続静注液6mg,丸石製薬株式会社,electronic_label,https://www.pmda.go.jp/PmdaSearch/rdSearch/02/2149401A1030?user=1,document_present,2026-06-05,pilot GAP-009: electronic_label from CHILD primary 2026-06-05.
nitroprusside,ニトプロ持続静注液6mg,丸石製薬株式会社,interview_form,https://www.info.pmda.go.jp/go/interview/1/730119_2149401A1030_1_007_1F.pdf,document_present,2026-06-05,Stage6 C-009: IF PDF from pmda.go.jp product page (2026-06-05).
nitroprusside,ニトプロ持続静注液6mg,丸石製薬株式会社,rmp,,document_unchecked,2026-06-05,pilot GAP-009: electronic_label from CHILD primary 2026-06-05.
nitroprusside,ニトプロ持続静注液6mg,丸石製薬株式会社,rmp_material,,document_unchecked,2026-06-05,pilot GAP-009: electronic_label from CHILD primary 2026-06-05.
nitroprusside,ニトプロ持続静注液6mg,丸石製薬株式会社,patient_guide,,document_unchecked,2026-06-05,pilot GAP-009: electronic_label from CHILD primary 2026-06-05.
nitroprusside,ニトプロ持続静注液6mg,丸石製薬株式会社,revision_history,,document_unchecked,2026-06-05,pilot GAP-009: electronic_label from CHILD primary 2026-06-05.
