drug_key,japanese_name,english_name,generic_name,synonyms,drug_class,domain,priority,gap_type,profile_path,pmda_product_level_verified,source_status,knowledge_layer_status,human_review_required,facility_confirmation_required,operator_side_required,source_ids,last_source_check_date,why,product_examples,efficacy_examples,efficacy_or_context_examples,why_added,safety_focus
edaravone,エダラボン,edaravone,edaravone,ラジカット|Radicut|free radical scavenger,脳梗塞急性期・脳保護薬,acute_ischemic_stroke,S,complete_absent,02_DRUG_PROFILES_SAFE_KNOWLEDGE/acute_ischemic_stroke/edaravone.md,False,unresolved_manual_review_required,custom_gpt_safe_boundary_only,True,True,True,PMDA_EDARAVONE_RMP_RADICUT,2026-06-03,国内脳梗塞急性期で重要。ALS適応と混同しやすく、脳外Vaultでは脳梗塞急性期文脈を明示分離する必要がある。,,,,,
ozagrel,オザグレルナトリウム,ozagrel sodium,ozagrel sodium,オザグレルNa|カタクロット|キサンボン|ozagrel,TXA2合成酵素阻害薬・抗血小板/脳血管攣縮関連,acute_stroke_sah,S,complete_absent,02_DRUG_PROFILES_SAFE_KNOWLEDGE/acute_ischemic_stroke/ozagrel.md,False,unresolved_manual_review_required,custom_gpt_safe_boundary_only,True,True,True,JSTS_STROKE_GL_2021_REV2025;PMDA_OZAGREL_SAFETY_2019,2026-06-03,脳血栓症急性期とSAH術後脳血管攣縮の2文脈で重要。出血リスク、脳塞栓との鑑別、rt-PA等との併用混同が危険。,,,,,
fasudil,ファスジル塩酸塩,fasudil hydrochloride,fasudil hydrochloride,エリル|fasudil|Rho kinase inhibitor,Rhoキナーゼ阻害薬・SAH術後脳血管攣縮薬,sah_vasospasm,S,complete_absent,02_DRUG_PROFILES_SAFE_KNOWLEDGE/sah_vasospasm/fasudil.md,False,unresolved_manual_review_required,custom_gpt_safe_boundary_only,True,True,True,JSTS_STROKE_GL_2021_REV2025,2026-06-03,SAH術後脳血管攣縮で国内実務上重要。低血圧・頭蓋内出血・投与期間の安全境界を個別化すべき。,,,,,
clazosentan,クラゾセンタンナトリウム,clazosentan sodium,clazosentan sodium,ピヴラッツ|Pivlaz|endothelin receptor antagonist,エンドセリン受容体拮抗薬・SAH術後脳血管攣縮薬,sah_vasospasm,S,complete_absent,02_DRUG_PROFILES_SAFE_KNOWLEDGE/sah_vasospasm/clazosentan.md,False,unresolved_manual_review_required,custom_gpt_safe_boundary_only,True,True,True,JSTS_STROKE_GL_2021_REV2025;PMDA_CLAZOSENTAN_PIVLAZ_REVIEW,2026-06-03,2020年代以降のSAH術後血管攣縮管理で重要度が高い。肝機能・肺水腫/体液貯留・対象患者選択の確認が必要。,,,,,
alteplase,アルテプラーゼ,alteplase,alteplase recombinant,rt-PA|tPA|アクチバシン|グルトパ,血栓溶解薬・急性期虚血性脳血管障害,acute_ischemic_stroke,S,candidate_only_master_absent,02_DRUG_PROFILES_SAFE_KNOWLEDGE/acute_ischemic_stroke/alteplase.md,False,unresolved_manual_review_required,custom_gpt_safe_boundary_only,True,True,True,JSTS_STROKE_GL_2021_REV2025;PMDA_ALTEPLASE_LABEL,2026-06-03,発症時間、画像、除外基準、抗凝固薬、抗アミロイド抗体など安全境界が多く、class扱いは危険。,,,,,
argatroban,アルガトロバン水和物,argatroban,argatroban hydrate,ノバスタン|スロンノン|direct thrombin inhibitor,選択的抗トロンビン薬・急性期脳血栓症,acute_ischemic_stroke,S,candidate_only_master_absent,02_DRUG_PROFILES_SAFE_KNOWLEDGE/acute_ischemic_stroke/argatroban.md,False,unresolved_manual_review_required,custom_gpt_safe_boundary_only,True,True,True,PMDA_ARGATROBAN_REEXAM_2020,2026-06-03,国内で発症後48時間以内の脳血栓症急性期文脈がある。脳塞栓、出血、肝機能、併用抗血栓薬の境界管理が必要。,,,,,
urokinase,ウロキナーゼ,urokinase,urokinase,urokinase|線維素溶解酵素剤,血栓溶解薬,acute_ischemic_stroke,A,candidate_only_master_absent,02_DRUG_PROFILES_SAFE_KNOWLEDGE/acute_ischemic_stroke/urokinase.md,False,unresolved_manual_review_required,custom_gpt_safe_boundary_only,True,True,True,PMDA_UROKINASE_SAFETY_2019,2026-06-03,現代標準ではrt-PA/EVT中心だが、脳血栓症/脳塞栓鑑別・線溶薬出血リスクの安全教育上重要。,,,,,
nimodipine,ニモジピン,nimodipine,nimodipine,nimodipine|calcium channel blocker,Ca拮抗薬・SAH国際標準比較対象,sah_vasospasm,A,complete_absent_comparison_needed,02_DRUG_PROFILES_SAFE_KNOWLEDGE/sah_vasospasm/nimodipine.md,False,unresolved_manual_review_required,custom_gpt_safe_boundary_only,True,True,True,JSTS_STROKE_GL_2021_REV2025,2026-06-03,欧米SAH管理で頻出。国内薬事・採用品を確認せず日本の処方推奨にしてはいけないが、海外文献/RAG比較で必要。,,,,,
diazepam,ジアゼパム,diazepam,diazepam,セルシン|ホリゾン|benzodiazepine,抗発作薬・てんかん重積初期対応,status_epilepticus,A,candidate_only_master_absent,02_DRUG_PROFILES_SAFE_KNOWLEDGE/status_epilepticus/diazepam.md,False,unresolved_manual_review_required,custom_gpt_safe_boundary_only,True,True,True,LOCAL_PRODUCT_CONFIRMATION_REQUIRED,2026-06-03,救急発作停止で重要。ミダゾラム・ロラゼパムと投与経路/剤形/呼吸抑制管理を混同しないため個別化。,,,,,
lorazepam,ロラゼパム,lorazepam,lorazepam,ワイパックス|benzodiazepine,抗発作薬・てんかん重積初期対応,status_epilepticus,A,candidate_only_master_absent,02_DRUG_PROFILES_SAFE_KNOWLEDGE/status_epilepticus/lorazepam.md,False,unresolved_manual_review_required,custom_gpt_safe_boundary_only,True,True,True,LOCAL_PRODUCT_CONFIRMATION_REQUIRED,2026-06-03,てんかん重積文脈で頻出。国内剤形・施設採用・救急運用に依存するためRAG境界が必要。,,,,,
phenobarbital,フェノバルビタール,phenobarbital,phenobarbital,フェノバール|barbiturate antiseizure,抗発作薬・難治発作,status_epilepticus,A,candidate_only_master_absent,02_DRUG_PROFILES_SAFE_KNOWLEDGE/status_epilepticus/phenobarbital.md,False,unresolved_manual_review_required,custom_gpt_safe_boundary_only,True,True,True,LOCAL_PRODUCT_CONFIRMATION_REQUIRED,2026-06-03,難治発作・小児/成人の救急文脈で重要。鎮静・呼吸循環抑制・TDMを個別化する必要がある。,,,,,
clobazam,クロバザム,clobazam,clobazam,マイスタン|benzodiazepine antiseizure,抗発作薬・補助療法,status_epilepticus,B,candidate_only_master_absent,02_DRUG_PROFILES_SAFE_KNOWLEDGE/status_epilepticus/clobazam.md,False,unresolved_manual_review_required,custom_gpt_safe_boundary_only,True,True,True,LOCAL_PRODUCT_CONFIRMATION_REQUIRED,2026-06-03,慢性補助抗発作薬として重要。急性発作停止薬と混同しない境界が必要。,,,,,
thiopental,チオペンタールナトリウム,thiopental sodium,thiopental sodium,ラボナール|thiopental|barbiturate coma,バルビツレート・麻酔/難治性ICP,neurocritical_care,A,complete_absent,02_DRUG_PROFILES_SAFE_KNOWLEDGE/neurocritical_care_anesthesia/thiopental.md,False,unresolved_manual_review_required,custom_gpt_safe_boundary_only,True,True,True,TBI_NEUROCRITICAL_REVIEW_2019,2026-06-03,難治性ICP/麻酔導入/痙攣重積などで文脈上重要。循環抑制と脳波/ICU管理が必要。,,,,,
thiamylal,チアミラールナトリウム,thiamylal sodium,thiamylal sodium,イソゾール|thiamylal|barbiturate,バルビツレート・麻酔/難治性ICP,neurocritical_care,A,complete_absent,02_DRUG_PROFILES_SAFE_KNOWLEDGE/neurocritical_care_anesthesia/thiamylal.md,False,unresolved_manual_review_required,custom_gpt_safe_boundary_only,True,True,True,TBI_NEUROCRITICAL_REVIEW_2019,2026-06-03,脳外麻酔・救急で使われうる。チオペンタール等との薬剤名/剤形差を混同しないため追加。,,,,,
pentobarbital,ペントバルビタール,pentobarbital,pentobarbital,pentobarbital|barbiturate coma,バルビツレート・難治性ICP/難治性てんかん重積,neurocritical_care,B,complete_absent,02_DRUG_PROFILES_SAFE_KNOWLEDGE/neurocritical_care_anesthesia/pentobarbital.md,False,unresolved_manual_review_required,custom_gpt_safe_boundary_only,True,True,True,TBI_NEUROCRITICAL_REVIEW_2019,2026-06-03,海外/集中治療文献でバルビツレート昏睡として出る。国内採用・適応は別確認が必要。,,,,,
remimazolam,レミマゾラム,remimazolam,remimazolam besylate,アネレム|remimazolam,ベンゾジアゼピン系全身麻酔薬,neurocritical_care,B,complete_absent,02_DRUG_PROFILES_SAFE_KNOWLEDGE/neurocritical_care_anesthesia/remimazolam.md,False,unresolved_manual_review_required,custom_gpt_safe_boundary_only,True,True,True,LOCAL_PRODUCT_CONFIRMATION_REQUIRED,2026-06-03,麻酔・内視鏡/手術鎮静文脈で重要度上昇。ミダゾラム・プロポフォールとの比較で混同しやすい。,,,,,
ketamine,ケタミン,ketamine,ketamine,ケタラール|NMDA antagonist,鎮痛・鎮静・麻酔薬,neurocritical_care,B,candidate_only_master_absent,02_DRUG_PROFILES_SAFE_KNOWLEDGE/neurocritical_care_anesthesia/ketamine.md,False,unresolved_manual_review_required,custom_gpt_safe_boundary_only,True,True,True,LOCAL_PRODUCT_CONFIRMATION_REQUIRED,2026-06-03,鎮痛鎮静、気管挿管、重症頭部外傷で議論される。ICPに関する古い禁忌的理解と現代解釈を混同しない。,,,,,
rocuronium,ロクロニウム臭化物,rocuronium bromide,rocuronium bromide,エスラックス|neuromuscular blocker,筋弛緩薬,neurocritical_care,B,candidate_only_master_absent,02_DRUG_PROFILES_SAFE_KNOWLEDGE/neurocritical_care_anesthesia/rocuronium.md,False,unresolved_manual_review_required,custom_gpt_safe_boundary_only,True,True,True,LOCAL_PRODUCT_CONFIRMATION_REQUIRED,2026-06-03,挿管・術中管理・ICP上昇回避に関連。鎮静鎮痛を伴わない不動化は危険であり境界明記が必要。,,,,,
sugammadex,スガマデクスナトリウム,sugammadex sodium,sugammadex sodium,ブリディオン|rocuronium reversal,筋弛緩回復薬,neurocritical_care,B,candidate_only_master_absent,02_DRUG_PROFILES_SAFE_KNOWLEDGE/neurocritical_care_anesthesia/sugammadex.md,False,unresolved_manual_review_required,custom_gpt_safe_boundary_only,True,True,True,LOCAL_PRODUCT_CONFIRMATION_REQUIRED,2026-06-03,ロクロニウム拮抗、術後呼吸安全に関連。腎機能、再クラーレ化、アナフィラキシー等を確認。,,,,,
vitamin_k,ビタミンK製剤,vitamin K,phytonadione / menatetrenone etc.,フィトナジオン|メナテトレノン|warfarin reversal,ワルファリン反転補助,reversal_hemostasis,A,candidate_only_master_absent,02_DRUG_PROFILES_SAFE_KNOWLEDGE/reversal_hemostasis_blood_products/vitamin_k.md,False,unresolved_manual_review_required,custom_gpt_safe_boundary_only,True,True,True,LOCAL_PRODUCT_CONFIRMATION_REQUIRED,2026-06-03,PCCだけではワルファリン反転の持続性説明が不完全。PCC/FFP/ビタミンKの役割分離が必須。,,,,,
cryoprecipitate,クリオプレシピテート,cryoprecipitate,cryoprecipitate,クリオ|低フィブリノゲン|fibrinogen source,血液製剤・低フィブリノゲン補正,reversal_hemostasis,A,candidate_only_master_absent,02_DRUG_PROFILES_SAFE_KNOWLEDGE/reversal_hemostasis_blood_products/cryoprecipitate.md,False,unresolved_manual_review_required,custom_gpt_safe_boundary_only,True,True,True,LOCAL_BLOOD_PRODUCT_POLICY_REQUIRED,2026-06-03,大量出血・低フィブリノゲン・DIC/周術期出血で重要。施設運用と輸血部方針依存が大きい。,,,,,
red_blood_cell_concentrate,赤血球濃厚液,red blood cell concentrate,red blood cell concentrate,RBC|RCC|赤血球液|輸血,血液製剤・貧血/出血補正,reversal_hemostasis,A,candidate_only_master_absent,02_DRUG_PROFILES_SAFE_KNOWLEDGE/reversal_hemostasis_blood_products/red_blood_cell_concentrate.md,False,unresolved_manual_review_required,custom_gpt_safe_boundary_only,True,True,True,LOCAL_TRANSFUSION_POLICY_REQUIRED,2026-06-03,周術期・外傷・出血性脳卒中で重要。Hb閾値だけでなく脳虚血・循環・出血源制御を確認する必要。,,,,,
albumin,アルブミン製剤,albumin preparation,human serum albumin,アルブミナー|献血アルブミン|膠質液,血液分画製剤・循環管理,neurocritical_care,B,candidate_only_master_absent,02_DRUG_PROFILES_SAFE_KNOWLEDGE/reversal_hemostasis_blood_products/albumin.md,False,unresolved_manual_review_required,custom_gpt_safe_boundary_only,True,True,True,LOCAL_BLOOD_PRODUCT_POLICY_REQUIRED,2026-06-03,SAH/TBI/ICU体液管理で出る。低Alb補正目的だけの安易な使用、膠質浸透圧、保険/輸血管理を分ける。,,,,,
ampicillin,アンピシリン,ampicillin,ampicillin,ABPC|ビクシリン|Listeria coverage,抗菌薬・髄膜炎/リステリア対応,cns_infection,A,candidate_only_master_absent,02_DRUG_PROFILES_SAFE_KNOWLEDGE/antimicrobials_cns_infection/ampicillin.md,False,unresolved_manual_review_required,custom_gpt_safe_boundary_only,True,True,True,JSGN_MENINGITIS_GL_2014,2026-06-03,成人髄膜炎、50歳以上/免疫低下/Listeria文脈で重要。セフトリアキソン/VCMだけでは不十分。,,,,,
cefotaxime,セフォタキシム,cefotaxime,cefotaxime,CTX|クラフォラン|third generation cephalosporin,第3世代セフェム・髄膜炎,cns_infection,A,candidate_only_master_absent,02_DRUG_PROFILES_SAFE_KNOWLEDGE/antimicrobials_cns_infection/cefotaxime.md,False,unresolved_manual_review_required,custom_gpt_safe_boundary_only,True,True,True,JSGN_MENINGITIS_GL_2014,2026-06-03,セフトリアキソンと並ぶ髄膜炎主要第3世代セフェム。院内採用差が出るため候補止まりは不十分。,,,,,
sulbactam_ampicillin,スルバクタム/アンピシリン,sulbactam/ampicillin,sulbactam sodium / ampicillin sodium,SBT/ABPC|ユナシン|誤嚥性肺炎,βラクタマーゼ阻害薬配合ペニシリン,cns_infection_supportive,B,candidate_only_master_absent,02_DRUG_PROFILES_SAFE_KNOWLEDGE/antimicrobials_cns_infection/sulbactam_ampicillin.md,False,unresolved_manual_review_required,custom_gpt_safe_boundary_only,True,True,True,LOCAL_ANTIMICROBIAL_GUIDE_REQUIRED,2026-06-03,脳外病棟の誤嚥性肺炎・術後感染で頻出。髄膜炎標準薬と混同しない。,,,,,
metronidazole,メトロニダゾール,metronidazole,metronidazole,MNZ|フラジール|anaerobe coverage,抗嫌気性菌薬,cns_infection_supportive,B,candidate_only_master_absent,02_DRUG_PROFILES_SAFE_KNOWLEDGE/antimicrobials_cns_infection/metronidazole.md,False,unresolved_manual_review_required,custom_gpt_safe_boundary_only,True,True,True,LOCAL_ANTIMICROBIAL_GUIDE_REQUIRED,2026-06-03,脳膿瘍、嫌気性菌、口腔/副鼻腔由来感染で文脈上重要。中枢移行性と原因菌推定を確認。,,,,,
levofloxacin,レボフロキサシン,levofloxacin,levofloxacin,LVFX|クラビット|fluoroquinolone,ニューキノロン系抗菌薬,cns_infection_supportive,B,candidate_only_master_absent,02_DRUG_PROFILES_SAFE_KNOWLEDGE/antimicrobials_cns_infection/levofloxacin.md,False,unresolved_manual_review_required,custom_gpt_safe_boundary_only,True,True,True,LOCAL_ANTIMICROBIAL_GUIDE_REQUIRED,2026-06-03,中枢感染の第一選択ではないが、病棟感染・腎機能・QT・痙攣リスクで脳外RAGに必要。,,,,,
tolvaptan,トルバプタン,tolvaptan,tolvaptan,サムスカ|V2 receptor antagonist|SIADH,V2受容体拮抗薬・水利尿薬,endocrine_electrolyte,A,candidate_only_master_absent,02_DRUG_PROFILES_SAFE_KNOWLEDGE/endocrine_electrolyte/tolvaptan.md,False,unresolved_manual_review_required,custom_gpt_safe_boundary_only,True,True,True,LOCAL_PRODUCT_CONFIRMATION_REQUIRED,2026-06-03,SIADH/低Na補正で出るが、SAH後CSWと混同すると危険。Na補正速度・適応・保険・院内運用を明示。,,,,,
fludrocortisone,フルドロコルチゾン,fludrocortisone,fludrocortisone acetate,フロリネフ|mineralocorticoid|CSW,鉱質コルチコイド・低Na/CSW関連,endocrine_electrolyte,A,complete_absent,02_DRUG_PROFILES_SAFE_KNOWLEDGE/endocrine_electrolyte/fludrocortisone.md,False,unresolved_manual_review_required,custom_gpt_safe_boundary_only,True,True,True,LOCAL_PRODUCT_CONFIRMATION_REQUIRED,2026-06-03,SAH後低Na、CSW文脈で言及される。SIADHとの鑑別を強制するRAG境界が必要。,,,,,
furosemide,フロセミド,furosemide,furosemide,ラシックス|loop diuretic,ループ利尿薬・体液管理,endocrine_electrolyte,B,candidate_only_master_absent,02_DRUG_PROFILES_SAFE_KNOWLEDGE/endocrine_electrolyte/furosemide.md,False,unresolved_manual_review_required,custom_gpt_safe_boundary_only,True,True,True,LOCAL_PRODUCT_CONFIRMATION_REQUIRED,2026-06-03,ICU体液管理、心不全、肺水腫、Na管理で頻出。脳浮腫薬としての誤用を避ける。,,,,,
levothyroxine,レボチロキシン,levothyroxine,levothyroxine sodium,チラーヂンS|thyroid hormone,甲状腺ホルモン薬,endocrine_electrolyte,B,candidate_only_master_absent,02_DRUG_PROFILES_SAFE_KNOWLEDGE/endocrine_electrolyte/levothyroxine.md,False,unresolved_manual_review_required,custom_gpt_safe_boundary_only,True,True,True,LOCAL_PRODUCT_CONFIRMATION_REQUIRED,2026-06-03,下垂体・視床下部疾患、周術期内分泌評価で必要。副腎不全未補正での甲状腺ホルモン投与リスクを境界化。,,,,,
landiolol,ランジオロール塩酸塩,landiolol hydrochloride,landiolol hydrochloride,オノアクト|ultra-short acting beta blocker,短時間作用型β1遮断薬,neurocritical_care_circulation,B,candidate_only_master_absent,02_DRUG_PROFILES_SAFE_KNOWLEDGE/neurocritical_care_anesthesia/landiolol.md,False,unresolved_manual_review_required,custom_gpt_safe_boundary_only,True,True,True,LOCAL_PRODUCT_CONFIRMATION_REQUIRED,2026-06-03,周術期頻脈・AF・血圧管理で重要。低血圧/徐脈により脳灌流圧を悪化させうる。,,,,,
esmolol,エスモロール塩酸塩,esmolol hydrochloride,esmolol hydrochloride,ブレビブロック|short acting beta blocker,短時間作用型β遮断薬,neurocritical_care_circulation,B,candidate_only_master_absent,02_DRUG_PROFILES_SAFE_KNOWLEDGE/neurocritical_care_anesthesia/esmolol.md,False,unresolved_manual_review_required,custom_gpt_safe_boundary_only,True,True,True,LOCAL_PRODUCT_CONFIRMATION_REQUIRED,2026-06-03,周術期循環管理で文脈上必要。ランジオロールとの国内採用・薬事差を確認。,,,,,
nitroglycerin,ニトログリセリン,nitroglycerin,nitroglycerin,ミリスロール|nitric oxide donor,硝酸薬・降圧/冠血管拡張,neurocritical_care_circulation,B,candidate_only_master_absent,02_DRUG_PROFILES_SAFE_KNOWLEDGE/neurocritical_care_anesthesia/nitroglycerin.md,False,unresolved_manual_review_required,custom_gpt_safe_boundary_only,True,True,True,LOCAL_PRODUCT_CONFIRMATION_REQUIRED,2026-06-03,周術期・ICU降圧で出る。ICP/脳灌流圧への影響、ニカルジピン等との使い分けが必要。,,,,,
nitroprusside,ニトロプルシドナトリウム,sodium nitroprusside,sodium nitroprusside,ニトプロ|nitroprusside,血管拡張薬・降圧薬,neurocritical_care_circulation,B,candidate_only_master_absent,02_DRUG_PROFILES_SAFE_KNOWLEDGE/neurocritical_care_anesthesia/nitroprusside.md,False,unresolved_manual_review_required,custom_gpt_safe_boundary_only,True,True,True,LOCAL_PRODUCT_CONFIRMATION_REQUIRED,2026-06-03,急速降圧文脈で出るが、脳圧・シアン中毒等の安全境界が必要。施設採用確認必須。,,,,,
ibudilast,イブジラスト,ibudilast,ibudilast,ケタス|Ketas|脳循環改善薬|PDE阻害薬,慢性脳循環障害改善薬・PDE阻害薬,chronic_post_stroke_symptoms,A,complete_absent,02_DRUG_PROFILES_SAFE_KNOWLEDGE/chronic_post_stroke_symptoms/ibudilast.md,False,unresolved_manual_review_required,active_profile_candidate,True,True,True,MHLW_DRUG_CLASSIFICATION_REV13;RADAR_IBUDILAST_PATIENT_INFO,2026-06-03,脳梗塞後遺症めまいの文脈で質問されやすい。急性期脳梗塞治療薬として出してはいけない。,ケタスカプセル等,脳梗塞後遺症に伴う慢性脳循環障害によるめまいの改善,,,
ifenprodil,イフェンプロジル酒石酸塩,ifenprodil tartrate,ifenprodil tartrate,セロクラール|Cerocral|イフェンプロジル,脳循環改善薬,chronic_post_stroke_symptoms,A,complete_absent,02_DRUG_PROFILES_SAFE_KNOWLEDGE/chronic_post_stroke_symptoms/ifenprodil.md,False,unresolved_manual_review_required,active_profile_candidate,True,True,True,PMDA_IFENPRODIL_CEROCRAL;PMDA_IFENPRODIL_GENERIC,2026-06-03,脳梗塞後遺症・脳出血後遺症のめまいで重要。頭蓋内出血後止血未完成では禁忌/注意が必要。,セロクラール錠等,脳梗塞後遺症、脳出血後遺症に伴うめまいの改善,,,
nicergoline,ニセルゴリン,nicergoline,nicergoline,サアミオン|Sermion|ニセルゴリン錠,慢性脳循環障害改善薬,chronic_post_stroke_symptoms,A,complete_absent,02_DRUG_PROFILES_SAFE_KNOWLEDGE/chronic_post_stroke_symptoms/nicergoline.md,False,unresolved_manual_review_required,active_profile_candidate,True,True,True,PMDA_NICERGOLINE_GENERIC,2026-06-03,脳梗塞後遺症の意欲低下で質問されやすい。急性期治療や認知症万能薬として出してはいけない。,サアミオン錠等,脳梗塞後遺症に伴う慢性脳循環障害による意欲低下の改善,,,
amantadine,アマンタジン塩酸塩,amantadine hydrochloride,amantadine hydrochloride,シンメトレル|Symmetrel|アマンタジン,ドパミン作動系・NMDA関連薬,chronic_post_stroke_symptoms,A,complete_absent,02_DRUG_PROFILES_SAFE_KNOWLEDGE/chronic_post_stroke_symptoms/amantadine.md,False,unresolved_manual_review_required,active_profile_candidate,True,True,True,KEGG_JAPIC_AMANTADINE;PMDA_CURRENT_LABEL_REQUIRED,2026-06-03,腎機能・高齢者・幻覚せん妄・インフルエンザ/パーキンソン病適応との混同が重要。,シンメトレル錠等,脳梗塞後遺症に伴う意欲・自発性低下の改善,,,
tiapride,チアプリド,tiapride,tiapride hydrochloride,グラマリール|Gramalil|チアプリド錠,ドパミンD2受容体遮断薬・精神神経症状改善薬,chronic_post_stroke_symptoms,A,complete_absent,02_DRUG_PROFILES_SAFE_KNOWLEDGE/chronic_post_stroke_symptoms/tiapride.md,False,unresolved_manual_review_required,active_profile_candidate,True,True,True,KEGG_JAPIC_TIAPRIDE;JAPIC_TIAPRIDE_PINS,2026-06-03,脳梗塞後遺症の行動症状で使われるが、抗精神病薬様副作用、錐体外路症状、QT、嚥下/転倒リスクを分ける必要がある。,グラマリール錠等,脳梗塞後遺症に伴う攻撃的行為、精神興奮、徘徊、せん妄の改善,,,
citicoline,シチコリン,citicoline,citicoline,ニコリン|Nicholin|CDP-choline,脳代謝賦活・意識障害改善薬,consciousness_recovery_neurorehab,A,complete_absent,02_DRUG_PROFILES_SAFE_KNOWLEDGE/consciousness_recovery_neurorehab/citicoline.md,False,unresolved_manual_review_required,active_profile_candidate,True,True,True,PMDA_CITICOLINE_CURRENT_LABEL_REQUIRED,2026-06-03,脳外病棟で意識障害・リハビリ文脈に出る。適応条件が複雑なのでRAGが雑に推奨しないようprofile化する。,ニコリン注射液等,頭部外傷・脳手術・脳梗塞急性期に伴う意識障害、脳卒中片麻痺患者の上肢機能回復促進など,,,
meclofenoxate_injection,メクロフェノキサート塩酸塩（注射）,meclofenoxate hydrochloride injection,meclofenoxate hydrochloride,注射用ルシドリール|Lucidril injection,脳代謝賦活・意識障害改善薬,consciousness_recovery_neurorehab,B,complete_absent,02_DRUG_PROFILES_SAFE_KNOWLEDGE/consciousness_recovery_neurorehab/meclofenoxate_injection.md,False,unresolved_manual_review_required,active_profile_candidate_current_status_must_verify,True,True,True,PMDA_MECLOFENOXATE_CURRENT_LABEL_REQUIRED,2026-06-03,注射と内服で文脈が違う。現行販売・供給・採用確認なしに現役薬として扱うと危険。,注射用ルシドリール,頭部外傷の急性期における意識障害、脳術後の意識障害,,,
meclofenoxate_oral,メクロフェノキサート塩酸塩（内服）,meclofenoxate hydrochloride oral,meclofenoxate hydrochloride,ルシドリール錠|Lucidril tablet,脳代謝賦活・頭部外傷後遺症薬,post_traumatic_brain_injury_sequelae,B,complete_absent,02_DRUG_PROFILES_SAFE_KNOWLEDGE/post_traumatic_brain_injury_sequelae/meclofenoxate_oral.md,False,unresolved_manual_review_required,active_profile_candidate_current_status_must_verify,True,True,True,MHLW_DRUG_CLASSIFICATION_REV13;PMDA_MECLOFENOXATE_CURRENT_LABEL_REQUIRED,2026-06-03,頭部外傷後遺症の古い処方・資料で出る。注射剤と内服剤を分ける必要がある。,ルシドリール錠等,頭部外傷後遺症におけるめまい,,,
solcoseryl_calf_blood_extract,幼牛血液抽出注射剤,deproteinized calf blood extract,calf blood extract preparation,ソルコセリル|Solcoseryl|幼牛血液抽出物,歴史的・組織修復/代謝関連薬,post_traumatic_brain_injury_sequelae,B,complete_absent,02_DRUG_PROFILES_SAFE_KNOWLEDGE/post_traumatic_brain_injury_sequelae/solcoseryl_calf_blood_extract.md,False,unresolved_manual_review_required,current_status_high_risk_verify_before_use,True,True,True,PMDA_SOLCOSERYL_CURRENT_STATUS_REQUIRED,2026-06-03,現行承認・販売・供給状況の確認が必須。RAGでは推奨薬として出さず、照会時に確認事項を返す。,ソルコセリル注,頭部外傷後遺症、脳梗塞・脳出血に伴う随伴症状等,,,
isoxsuprine,イソクスプリン塩酸塩,isoxsuprine hydrochloride,isoxsuprine hydrochloride,ズファジラン|Duvadilan|イソクスプリン,血管拡張薬・循環改善薬,post_traumatic_brain_injury_sequelae,B,complete_absent,02_DRUG_PROFILES_SAFE_KNOWLEDGE/post_traumatic_brain_injury_sequelae/isoxsuprine.md,False,unresolved_manual_review_required,active_profile_candidate_current_status_must_verify,True,True,True,MHLW_DRUG_CLASSIFICATION_REV13;PMDA_ISOXSUPRINE_CURRENT_LABEL_REQUIRED,2026-06-03,古い頭部外傷後遺症文脈で出る。末梢血管拡張薬としての副作用・低血圧と混同防止が必要。,ズファジラン錠等,頭部外傷後遺症に伴う随伴症状,,,
dihydroergotoxine,ジヒドロエルゴトキシンメシル酸塩,dihydroergotoxine mesilate,dihydroergotoxine mesilate,ヒデルギン|Hydergine|dihydroergotoxine,エルゴットアルカロイド系・脳循環/代謝関連,post_traumatic_brain_injury_sequelae,B,complete_absent,02_DRUG_PROFILES_SAFE_KNOWLEDGE/post_traumatic_brain_injury_sequelae/dihydroergotoxine.md,False,unresolved_manual_review_required,active_profile_candidate_current_status_must_verify,True,True,True,MHLW_DRUG_CLASSIFICATION_REV13;PMDA_DIHYDROERGOTOXINE_CURRENT_LABEL_REQUIRED,2026-06-03,古い薬剤で、血管収縮/相互作用/妊娠などの注意を確認すべき。現代の推奨薬扱いは不可。,ヒデルギン舌下錠等,頭部外傷後遺症に伴う随伴症状,,,
adenosine_triphosphate_disodium,アデノシン三リン酸二ナトリウム水和物,adenosine triphosphate disodium hydrate,adenosine triphosphate disodium hydrate,ATP|アデホス-Lコーワ|Adefos,代謝賦活・循環改善関連薬,post_traumatic_brain_injury_sequelae,B,complete_absent,02_DRUG_PROFILES_SAFE_KNOWLEDGE/post_traumatic_brain_injury_sequelae/adenosine_triphosphate_disodium.md,False,unresolved_manual_review_required,active_profile_candidate_current_status_must_verify,True,True,True,MHLW_DRUG_CLASSIFICATION_REV13;PMDA_ATP_CURRENT_LABEL_REQUIRED,2026-06-03,耳鳴・めまい等でも出るため、頭部外傷後遺症の文脈と一般代謝/循環改善を混同しやすい。,アデホス-Lコーワ注等,頭部外傷後遺症に伴う諸症状の改善,,,
gamma_aminobutyric_acid,ガンマ-アミノ酪酸,gamma-aminobutyric acid,gamma-aminobutyric acid,GABA|ガンマロン|Gammalon|γ-アミノ酪酸,脳代謝賦活薬,post_traumatic_brain_injury_sequelae,B,complete_absent,02_DRUG_PROFILES_SAFE_KNOWLEDGE/post_traumatic_brain_injury_sequelae/gamma_aminobutyric_acid.md,False,unresolved_manual_review_required,active_profile_candidate_current_status_must_verify,True,True,True,MHLW_DRUG_CLASSIFICATION_REV13;PMDA_GABA_CURRENT_LABEL_REQUIRED,2026-06-03,サプリのGABAと医療用薬の取り違えが起きやすい。現行製品・医療用適応確認が必要。,ガンマロン錠,頭部外傷後遺症に伴う頭痛、頭重、易疲労性、のぼせ感、耳鳴、記憶障害、睡眠障害、意欲低下等,,,
vinpocetine,ビンポセチン,vinpocetine,vinpocetine,カラン|vinpocetine,旧・脳循環改善薬,historical_reassessment_negative_notes,A,negative_note_absent,02_DRUG_PROFILES_SAFE_KNOWLEDGE/historical_reassessment_negative_notes/vinpocetine.md,False,unresolved_manual_review_required,historical_negative_note,True,True,True,MHLW_REEVALUATION_31_INGREDIENTS;KANAGAWA_VINPOCETINE_REPORT,2026-06-03,過去資料に出るが、現役推奨薬として出すと危険。再評価/承認状況を確認させるnegative noteが必要。,カラン等,過去の慢性脳循環障害関連効能,,,
nilvadipine_old_cerebral_indication,ニルバジピン（旧脳梗塞後遺症効能）,nilvadipine old cerebral indication,nilvadipine,ニバジール|Nilvadipine|旧効能,Ca拮抗薬・旧脳循環効能note,historical_reassessment_negative_notes,A,negative_note_absent,02_DRUG_PROFILES_SAFE_KNOWLEDGE/historical_reassessment_negative_notes/nilvadipine_old_cerebral_indication.md,False,unresolved_manual_review_required,historical_negative_note,True,True,True,MHLW_REEVALUATION_31_INGREDIENTS,2026-06-03,高血圧薬としての現行適応と旧脳循環効能を混同しないため。,ニバジール等,本態性高血圧症等。脳梗塞後遺症関連効能は旧効能として扱う。,,,
cinepazide_maleate,シネパジドマレイン酸塩,cinepazide maleate,cinepazide maleate,ブレンディール|cinepazide|マレイン酸シネパジド,旧・脳循環改善薬,historical_reassessment_negative_notes,A,negative_note_absent,02_DRUG_PROFILES_SAFE_KNOWLEDGE/historical_reassessment_negative_notes/cinepazide_maleate.md,False,unresolved_manual_review_required,historical_negative_note,True,True,True,MHLW_REEVALUATION_31_INGREDIENTS,2026-06-03,再評価文脈に出る。現役処方候補として出さないためのnoteが必要。,ブレンディール等,旧・慢性脳循環障害関連,,,
idebenone,イデベノン,idebenone,idebenone,アバン|idebenone,旧・脳代謝/精神症状改善薬,historical_reassessment_negative_notes,A,negative_note_absent,02_DRUG_PROFILES_SAFE_KNOWLEDGE/historical_reassessment_negative_notes/idebenone.md,False,unresolved_manual_review_required,historical_negative_note,True,True,True,MHLW_REEVALUATION_4_INGREDIENTS;MHLW_IDEBENONE_HEALTH_FOOD_WARNING,2026-06-03,厚労省資料で再評価により承認取消と説明されている。現役医療用薬として出してはいけない。,アバン等,旧・脳代謝/精神症状改善関連,,,
indeloxazine,インデロキサジン塩酸塩,indeloxazine hydrochloride,indeloxazine hydrochloride,エレン|indeloxazine,旧・脳代謝改善薬,historical_reassessment_negative_notes,A,negative_note_absent,02_DRUG_PROFILES_SAFE_KNOWLEDGE/historical_reassessment_negative_notes/indeloxazine.md,False,unresolved_manual_review_required,historical_negative_note,True,True,True,MHLW_REEVALUATION_4_INGREDIENTS,2026-06-03,再評価で有用性確認不能の文脈。historical noteとして扱う。,エレン等,旧・脳循環代謝改善関連,,,
bifemelane,ビフェメラン塩酸塩,bifemelane hydrochloride,bifemelane hydrochloride,セレポート|bifemelane,旧・脳代謝改善薬,historical_reassessment_negative_notes,A,negative_note_absent,02_DRUG_PROFILES_SAFE_KNOWLEDGE/historical_reassessment_negative_notes/bifemelane.md,False,unresolved_manual_review_required,historical_negative_note,True,True,True,MHLW_REEVALUATION_4_INGREDIENTS,2026-06-03,再評価で有用性確認不能の文脈。現役推奨薬扱いは不可。,セレポート等,旧・脳循環代謝改善関連,,,
propentofylline,プロペントフィリン,propentofylline,propentofylline,ヘキストール|propentofylline,旧・脳循環代謝改善薬,historical_reassessment_negative_notes,A,negative_note_absent,02_DRUG_PROFILES_SAFE_KNOWLEDGE/historical_reassessment_negative_notes/propentofylline.md,False,unresolved_manual_review_required,historical_negative_note,True,True,True,MHLW_REEVALUATION_4_INGREDIENTS,2026-06-03,再評価で有用性確認不能の文脈。historical noteとして入れる。,ヘキストール等,旧・脳循環代謝改善関連,,,
hopantenate_calcium,ホパンテン酸カルシウム,hopantenate calcium,hopantenate calcium,ホパテ|hopantenate|pantogam,旧・脳代謝改善薬,historical_reassessment_negative_notes,B,negative_note_absent,02_DRUG_PROFILES_SAFE_KNOWLEDGE/historical_reassessment_negative_notes/hopantenate_calcium.md,False,unresolved_manual_review_required,historical_negative_note,True,True,True,PMDA_CURRENT_STATUS_REQUIRED;MHLW_REEVALUATION_CONTEXT,2026-06-03,古い処方歴・資料で出る可能性がある。現役治療候補として出さないためのnote。,ホパテ等,旧・脳代謝/認知精神症状関連,,,
pyritinol,ピリチノール塩酸塩,pyritinol hydrochloride,pyritinol hydrochloride,エンボール|pyritinol,旧・脳代謝改善薬,historical_reassessment_negative_notes,B,negative_note_absent,02_DRUG_PROFILES_SAFE_KNOWLEDGE/historical_reassessment_negative_notes/pyritinol.md,False,unresolved_manual_review_required,historical_negative_note,True,True,True,PMDA_CURRENT_STATUS_REQUIRED;MHLW_REEVALUATION_CONTEXT,2026-06-03,古い資料に出る。現役推奨薬扱いを避ける。,エンボール等,旧・脳代謝/意識認知関連,,,
tocopherol_nicotinate,トコフェロールニコチン酸エステル,tocopherol nicotinate,tocopherol nicotinate,ユベラN|tocopherol nicotinate,末梢循環改善薬・ビタミンE誘導体,peripheral_circulation_do_not_confuse,B,do_not_confuse_note_absent,02_DRUG_PROFILES_SAFE_KNOWLEDGE/peripheral_circulation_do_not_confuse/tocopherol_nicotinate.md,False,unresolved_manual_review_required,do_not_confuse_note,True,True,True,PMDA_CURRENT_LABEL_REQUIRED,2026-06-03,循環改善という語で脳循環改善薬と混同しやすい。,ユベラN等,末梢循環障害等。脳梗塞後遺症薬として安易に提示しない。,,,
inositol_hexanicotinate,イノシトールヘキサニコチネート,inositol hexanicotinate,inositol hexanicotinate,ヘキサニシット|inositol nicotinate,末梢循環改善薬,peripheral_circulation_do_not_confuse,B,do_not_confuse_note_absent,02_DRUG_PROFILES_SAFE_KNOWLEDGE/peripheral_circulation_do_not_confuse/inositol_hexanicotinate.md,False,unresolved_manual_review_required,do_not_confuse_note,True,True,True,PMDA_CURRENT_LABEL_REQUIRED,2026-06-03,脳循環改善薬と混ぜるとRAG誤回答になりやすい。,ヘキサニシット等,末梢循環関連。脳外中核薬ではない。,,,
hepronicate,ヘプロニカート,hepronicate,hepronicate,メグリン|hepronicate,末梢循環改善薬,peripheral_circulation_do_not_confuse,B,do_not_confuse_note_absent,02_DRUG_PROFILES_SAFE_KNOWLEDGE/peripheral_circulation_do_not_confuse/hepronicate.md,False,unresolved_manual_review_required,do_not_confuse_note,True,True,True,PMDA_CURRENT_LABEL_REQUIRED,2026-06-03,末梢循環改善薬を脳梗塞後遺症薬として出す誤りを防ぐ。,メグリン等,末梢循環関連。脳外中核薬ではない。,,,
limaprost_alfadex,リマプロスト アルファデクス,limaprost alfadex,limaprost alfadex,オパルモン|プロレナール|limaprost,PGE1誘導体・末梢循環改善薬,peripheral_circulation_do_not_confuse,B,do_not_confuse_note_absent,02_DRUG_PROFILES_SAFE_KNOWLEDGE/peripheral_circulation_do_not_confuse/limaprost_alfadex.md,False,unresolved_manual_review_required,do_not_confuse_note,True,True,True,PMDA_CURRENT_LABEL_REQUIRED,2026-06-03,脳神経外科外来で脊柱管狭窄症文脈に出るが、脳梗塞後遺症薬ではない。,オパルモン等,閉塞性血栓血管炎/腰部脊柱管狭窄症等。脳外脳循環改善薬として扱わない。,,,
alprostadil,アルプロスタジル,alprostadil,alprostadil,PGE1|リプル|パルクス,PGE1製剤・末梢循環/血管拡張薬,peripheral_circulation_do_not_confuse,B,do_not_confuse_note_absent,02_DRUG_PROFILES_SAFE_KNOWLEDGE/peripheral_circulation_do_not_confuse/alprostadil.md,False,unresolved_manual_review_required,do_not_confuse_note,True,True,True,PMDA_CURRENT_LABEL_REQUIRED,2026-06-03,血管拡張/循環改善から脳循環改善薬に誤拡張しないため。,リプル、パルクス等,末梢循環障害等。脳外中核薬ではない。,,,
alprostadil_alfadex,アルプロスタジル アルファデクス,alprostadil alfadex,alprostadil alfadex,プロスタンディン|PGE1-CD,PGE1製剤・末梢循環/血管拡張薬,peripheral_circulation_do_not_confuse,B,do_not_confuse_note_absent,02_DRUG_PROFILES_SAFE_KNOWLEDGE/peripheral_circulation_do_not_confuse/alprostadil_alfadex.md,False,unresolved_manual_review_required,do_not_confuse_note,True,True,True,PMDA_CURRENT_LABEL_REQUIRED,2026-06-03,アルプロスタジル製剤群の文脈整理。脳梗塞後遺症治療として雑に提示しない。,プロスタンディン等,末梢循環障害等。脳外中核薬ではない。,,,
bosentan_do_not_confuse,ボセンタン（クラゾセンタン取り違え防止）,bosentan do-not-confuse note,bosentan,トラクリア|Bosentan|エンドセリン受容体拮抗薬,エンドセリン受容体拮抗薬・取り違え防止note,sah_vasospasm_do_not_confuse,A,do_not_confuse_note_absent,02_DRUG_PROFILES_SAFE_KNOWLEDGE/peripheral_circulation_do_not_confuse/bosentan_do_not_confuse.md,False,unresolved_manual_review_required,do_not_confuse_note,True,True,True,PMDA_BOSENTAN_CURRENT_LABEL_REQUIRED;PMDA_CLAZOSENTAN_LABEL,2026-06-03,ボセンタンとクラゾセンタンの取り違え防止。脳外RAGではボセンタンをSAH術後血管攣縮薬として出してはいけない。,トラクリア等,肺動脈性肺高血圧症等。SAH術後脳血管攣縮薬として扱わない。,,,
temozolomide,テモゾロミド,temozolomide,temozolomide,Temodar|TMZ,,neuro_oncology,S,,02_DRUG_PROFILES_SAFE_KNOWLEDGE/neuro_oncology/temozolomide.md,false,unresolved_manual_review_required,active_profile_required,true,true,,,,,テモダール等,,悪性神経膠腫/膠芽腫の放射線併用・維持療法文脈,脳腫瘍薬物療法の中核。V2では最大級の欠落。,骨髄抑制、リンパ球減少、PCP予防、制吐、便秘、HBV、妊孕性
bevacizumab,ベバシズマブ,bevacizumab,bevacizumab,Avastin|抗VEGF,,neuro_oncology,S,,02_DRUG_PROFILES_SAFE_KNOWLEDGE/neuro_oncology/bevacizumab.md,false,unresolved_manual_review_required,active_profile_required,true,true,,,,,アバスチン等,,悪性神経膠腫/再発膠芽腫、腫瘍浮腫・症状改善文脈,脳外周術期の創傷治癒遅延・出血・血栓・高血圧・蛋白尿が高リスク。,周術期休薬、創傷治癒遅延、出血、血栓、高血圧、蛋白尿、消化管穿孔
carmustine_wafer,カルムスチン脳内留置用剤 / ギリアデル,carmustine wafer,carmustine wafer,Gliadel|BCNU wafer,,neuro_oncology,S,,02_DRUG_PROFILES_SAFE_KNOWLEDGE/neuro_oncology/carmustine_wafer.md,false,unresolved_manual_review_required,active_profile_required,true,true,,,,,ギリアデル脳内留置用剤,,悪性神経膠腫摘出腔への局所留置,適応が極めて限定的で、RAG誤提示リスクが高い。,脳浮腫、けいれん、感染、髄液漏、創部合併症、最大安全摘出条件
nimustine_acnu,ニムスチン / ACNU,nimustine,nimustine,ACNU|Nidran,,neuro_oncology,A,,02_DRUG_PROFILES_SAFE_KNOWLEDGE/neuro_oncology/nimustine_acnu.md,false,unresolved_manual_review_required,active_or_historical_context_required,true,true,,,,,ニドラン等,,悪性神経膠腫の国内治療歴・併用療法文脈,国内神経腫瘍で歴史的・施設別に出る。現標準治療との差別化が必要。,骨髄抑制、肺毒性、腎機能、レジメン文脈
procarbazine,プロカルバジン,procarbazine,procarbazine,PCV,,neuro_oncology,A,,02_DRUG_PROFILES_SAFE_KNOWLEDGE/neuro_oncology/procarbazine.md,false,unresolved_manual_review_required,current_status_must_verify,true,true,,,,,未確定,,PCV療法文脈,乏突起膠腫など国際文脈で必要。国内薬事・入手性確認必須。,MAO阻害様相互作用、骨髄抑制、食事・薬剤相互作用
lomustine_ccnu,ロムスチン / CCNU,lomustine,lomustine,CCNU|PCV,,neuro_oncology,A,,02_DRUG_PROFILES_SAFE_KNOWLEDGE/neuro_oncology/lomustine_ccnu.md,false,unresolved_manual_review_required,current_status_must_verify,true,true,,,,,未確定,,PCV療法文脈,PCV療法の構成薬。国内薬事・入手性確認必須。,遅発性骨髄抑制、肺毒性、肝腎機能
vincristine,ビンクリスチン,vincristine,vincristine,Oncovin|VCR,,neuro_oncology,A,,02_DRUG_PROFILES_SAFE_KNOWLEDGE/neuro_oncology/vincristine.md,false,unresolved_manual_review_required,active_profile_required,true,true,,,,,オンコビン等,,PCV療法、腫瘍薬物療法文脈,神経毒性が脳外患者評価と衝突しやすい。,末梢神経障害、便秘・麻痺性イレウス、髄注禁忌
high_dose_methotrexate,高用量メトトレキサート,methotrexate high-dose,methotrexate high-dose,HD-MTX|MTX,,neuro_oncology,S,,02_DRUG_PROFILES_SAFE_KNOWLEDGE/neuro_oncology/high_dose_methotrexate.md,false,unresolved_manual_review_required,active_profile_required,true,true,,,,,メソトレキセート等,,原発性中枢神経リンパ腫の高用量MTX療法,腎障害・相互作用・救援療法・尿アルカリ化の漏れが致命的。,ロイコボリン救援、尿アルカリ化、血中濃度、腎機能、NSAIDs/PPI/ペニシリン系相互作用
leucovorin_folinate,ロイコボリン / ホリナート,leucovorin calcium,leucovorin calcium,folinic acid|leucovorin rescue,,neuro_oncology,S,,02_DRUG_PROFILES_SAFE_KNOWLEDGE/neuro_oncology/leucovorin_folinate.md,false,unresolved_manual_review_required,active_profile_required,true,true,,,,,ロイコボリン、ホリナート等,,高用量MTX救援療法,HD-MTXとセットで必須。投与遅延は危険。,MTX血中濃度、腎機能、救援量調整、過少投与リスク
rituximab,リツキシマブ,rituximab,rituximab,Rituxan|抗CD20,,neuro_oncology,A,,02_DRUG_PROFILES_SAFE_KNOWLEDGE/neuro_oncology/rituximab.md,false,unresolved_manual_review_required,active_profile_required,true,true,,,,,リツキサン等,,中枢神経原発悪性リンパ腫の併用療法文脈,PCNSLで登場。HBV再活性化・infusion reactionが重要。,HBV再活性化、infusion reaction、感染、PML
cytarabine,シタラビン,cytarabine,cytarabine,Ara-C,,neuro_oncology,A,,02_DRUG_PROFILES_SAFE_KNOWLEDGE/neuro_oncology/cytarabine.md,false,unresolved_manual_review_required,active_profile_required,true,true,,,,,キロサイド等,,PCNSL地固め・髄注/高用量文脈,神経毒性・骨髄抑制・腎機能が重要。,小脳毒性、骨髄抑制、眼障害、髄注/全身投与区別
thiotepa,チオテパ,thiotepa,thiotepa,Thiotepa,,neuro_oncology,A,,02_DRUG_PROFILES_SAFE_KNOWLEDGE/neuro_oncology/thiotepa.md,false,unresolved_manual_review_required,active_profile_required,true,true,,,,,リサイオ等,,PCNSL移植前処置など,高リスク抗がん薬。施設実施可否とレジメン限定。,骨髄抑制、皮膚毒性、移植前処置、曝露対策
st_smx_pcp_prophylaxis,ST合剤PCP予防文脈,sulfamethoxazole trimethoprim,sulfamethoxazole trimethoprim,TMP-SMX|co-trimoxazole|PCP,,neuro_oncology,A,,02_DRUG_PROFILES_SAFE_KNOWLEDGE/neuro_oncology/st_smx_pcp_prophylaxis.md,false,unresolved_manual_review_required,context_note_required,true,true,,,,,バクタ等,,テモゾロミド放射線併用時などのPCP予防,元候補にあっても、脳腫瘍支持療法として文脈分離が必要。,皮疹、骨髄抑制、高K、腎機能、代替薬
antiemetic_5ht3_context,5-HT3受容体拮抗薬 制吐文脈,5-HT3 receptor antagonists,5-HT3 receptor antagonists,ondansetron|granisetron|palonosetron,,neuro_oncology,B,,02_DRUG_PROFILES_SAFE_KNOWLEDGE/neuro_oncology/antiemetic_5ht3_context.md,false,unresolved_manual_review_required,class_context_note_required,true,true,,,,,オンダンセトロン等,,テモゾロミド等の制吐支持療法,抗がん剤支持療法として必要。薬剤個別は院内採用品確認。,QT延長、便秘、制吐リスク分類
hbv_reactivation_neurooncology_note,HBV再活性化対策note,HBV reactivation prophylaxis/monitoring,HBV reactivation prophylaxis/monitoring,HBsAg|HBcAb|HBsAb|entecavir|tenofovir,,neuro_oncology,A,,02_DRUG_PROFILES_SAFE_KNOWLEDGE/neuro_oncology/hbv_reactivation_neurooncology_note.md,false,unresolved_manual_review_required,safety_protocol_note_required,true,true,,,,,エンテカビル等は別途確認,,リツキシマブ・化学療法・ステロイド時のHBV再活性化,脳腫瘍化学療法で見落とすと重大。薬剤個別よりスクリーニング手順が重要。,HBVスクリーニング、核酸アナログ、肝臓専門医連携
cabergoline,カベルゴリン,cabergoline,cabergoline,Cabaser,,pituitary_endocrine,S,,02_DRUG_PROFILES_SAFE_KNOWLEDGE/pituitary_endocrine/cabergoline.md,false,unresolved_manual_review_required,active_profile_required,true,true,,,,,カバサール等,,プロラクチノーマ,プロラクチノーマ薬物療法の中核。,弁膜症、妊娠、精神症状、低血圧、腫瘍縮小
bromocriptine,ブロモクリプチン,bromocriptine,bromocriptine,Parlodel,,pituitary_endocrine,A,,02_DRUG_PROFILES_SAFE_KNOWLEDGE/pituitary_endocrine/bromocriptine.md,false,unresolved_manual_review_required,active_profile_required,true,true,,,,,パーロデル等,,プロラクチノーマ、先端巨大症等,カベルゴリン代替・妊娠文脈で必要。,悪心、起立性低血圧、精神症状、妊娠
octreotide,オクトレオチド,octreotide,octreotide,Sandostatin,,pituitary_endocrine,A,,02_DRUG_PROFILES_SAFE_KNOWLEDGE/pituitary_endocrine/octreotide.md,false,unresolved_manual_review_required,active_profile_required,true,true,,,,,サンドスタチン等,,先端巨大症、消化管ホルモン腫瘍等,ソマトスタチンアナログ文脈。,胆石、血糖変動、徐脈、甲状腺機能
lanreotide,ランレオチド,lanreotide,lanreotide,Somatuline,,pituitary_endocrine,A,,02_DRUG_PROFILES_SAFE_KNOWLEDGE/pituitary_endocrine/lanreotide.md,false,unresolved_manual_review_required,active_profile_required,true,true,,,,,ソマチュリン等,,先端巨大症等,ソマトスタチンアナログ長時間型。,胆石、血糖変動、注射部位反応
pasireotide,パシレオチド,pasireotide,pasireotide,Signifor,,pituitary_endocrine,A,,02_DRUG_PROFILES_SAFE_KNOWLEDGE/pituitary_endocrine/pasireotide.md,false,unresolved_manual_review_required,active_profile_required,true,true,,,,,シグニフォー等,,クッシング病等,高血糖リスクが大きく、下垂体薬として必要。,高血糖、QT延長、肝機能、胆石
pegvisomant,ペグビソマント,pegvisomant,pegvisomant,Somavert,,pituitary_endocrine,A,,02_DRUG_PROFILES_SAFE_KNOWLEDGE/pituitary_endocrine/pegvisomant.md,false,unresolved_manual_review_required,active_profile_required,true,true,,,,,ソマバート等,,先端巨大症,GH受容体拮抗薬。IGF-1評価が必要。,肝機能、腫瘍増大監視、IGF-1
metyrapone,メチラポン,metyrapone,metyrapone,Metopirone,,pituitary_endocrine,A,,02_DRUG_PROFILES_SAFE_KNOWLEDGE/pituitary_endocrine/metyrapone.md,false,unresolved_manual_review_required,active_profile_required,true,true,,,,,メトピロン等,,クッシング症候群/病,コルチゾール合成阻害薬。副腎不全リスク。,副腎不全、低K、高血圧、アンドロゲン増加
osilodrostat,オシロドロスタット,osilodrostat,osilodrostat,Isturisa,,pituitary_endocrine,A,,02_DRUG_PROFILES_SAFE_KNOWLEDGE/pituitary_endocrine/osilodrostat.md,false,unresolved_manual_review_required,active_profile_required,true,true,,,,,イスツリサ等,,クッシング病,新規性が高く安全確認が必要。,副腎不全、QT延長、低K、肝機能
postop_di_desmopressin_note,術後尿崩症デスモプレシンnote,desmopressin postoperative DI note,desmopressin postoperative DI note,DDAVP|central diabetes insipidus,,pituitary_endocrine,A,,02_DRUG_PROFILES_SAFE_KNOWLEDGE/pituitary_endocrine/postop_di_desmopressin_note.md,false,unresolved_manual_review_required,context_note_required,true,true,,,,,デスモプレシン製剤,,下垂体・頭蓋底術後尿崩症,既存薬剤でも術後DI文脈の安全境界が必要。,水中毒、低Na、投与経路、尿量/Na監視
adrenal_insufficiency_stress_steroid_note,副腎不全・周術期ステロイドnote,adrenal insufficiency stress steroid note,adrenal insufficiency stress steroid note,stress dose|hydrocortisone,,pituitary_endocrine,A,,02_DRUG_PROFILES_SAFE_KNOWLEDGE/pituitary_endocrine/adrenal_insufficiency_stress_steroid_note.md,false,unresolved_manual_review_required,context_note_required,true,true,,,,,ヒドロコルチゾン等,,下垂体術後・副腎不全・周術期補充,既存ステロイドを文脈分離しないと危険。,副腎クリーゼ、感染、高血糖、漸減
intraventricular_vancomycin_note,バンコマイシン脳室内投与note,intraventricular vancomycin note,intraventricular vancomycin note,IVT vancomycin|intraventricular,,healthcare_associated_cns_infection,A,,02_DRUG_PROFILES_SAFE_KNOWLEDGE/healthcare_associated_cns_infection/intraventricular_vancomycin_note.md,false,unresolved_manual_review_required,context_or_specialist_note_required,true,true,,,,,バンコマイシン,,脳室炎・シャント感染の特殊投与,静注バンコマイシンと混同不可。施設手順必須。,感染症科/脳外/薬剤部承認、濃度、無菌調製、神経毒性
gentamicin,ゲンタマイシン,gentamicin,gentamicin,gentamycin,,healthcare_associated_cns_infection,A,,02_DRUG_PROFILES_SAFE_KNOWLEDGE/healthcare_associated_cns_infection/gentamicin.md,false,unresolved_manual_review_required,context_or_specialist_note_required,true,true,,,,,ゲンタシン等,,医療関連脳室炎・髄膜炎の特殊使用,脳室内/髄注文脈で出る可能性。,TDM、腎毒性、聴器毒性、投与経路
amikacin,アミカシン,amikacin,amikacin,AMK,,healthcare_associated_cns_infection,B,,02_DRUG_PROFILES_SAFE_KNOWLEDGE/healthcare_associated_cns_infection/amikacin.md,false,unresolved_manual_review_required,context_or_specialist_note_required,true,true,,,,,アミカシン等,,MDRグラム陰性菌の中枢感染特殊使用,標準薬ではなく感受性・専門判断文脈。,TDM、腎毒性、聴器毒性
tobramycin,トブラマイシン,tobramycin,tobramycin,TOB,,healthcare_associated_cns_infection,B,,02_DRUG_PROFILES_SAFE_KNOWLEDGE/healthcare_associated_cns_infection/tobramycin.md,false,unresolved_manual_review_required,context_or_specialist_note_required,true,true,,,,,トブラシン等,,MDRグラム陰性菌の中枢感染特殊使用,特殊noteとして必要。,TDM、腎毒性、聴器毒性
colistin,コリスチン,colistin,colistin,colistimethate,,healthcare_associated_cns_infection,B,,02_DRUG_PROFILES_SAFE_KNOWLEDGE/healthcare_associated_cns_infection/colistin.md,false,unresolved_manual_review_required,context_or_specialist_note_required,true,true,,,,,オルドレブ等,,XDRグラム陰性菌中枢感染の特殊使用,最後の選択肢的薬剤。誤提示は危険。,腎毒性、神経毒性、用量単位、専門判断
polymyxin_b,ポリミキシンB,polymyxin B,polymyxin B,PMB,,healthcare_associated_cns_infection,B,,02_DRUG_PROFILES_SAFE_KNOWLEDGE/healthcare_associated_cns_infection/polymyxin_b.md,false,unresolved_manual_review_required,context_or_specialist_note_required,true,true,,,,,ポリミキシンB等,,XDRグラム陰性菌中枢感染の特殊使用,特殊感染症文脈。,腎毒性、神経毒性、専門判断
rifampicin_device_infection,リファンピシン デバイス感染note,rifampicin device infection note,rifampicin device infection note,rifampin|RFP,,healthcare_associated_cns_infection,B,,02_DRUG_PROFILES_SAFE_KNOWLEDGE/healthcare_associated_cns_infection/rifampicin_device_infection.md,false,unresolved_manual_review_required,context_or_specialist_note_required,true,true,,,,,リファジン等,,シャント/デバイス感染・バイオフィルム,単剤使用禁止・相互作用が重要。,CYP誘導、単剤耐性化、肝障害、抗凝固薬相互作用
evd_vp_shunt_infection_note,EVD/VPシャント感染note,EVD VP shunt infection note,EVD VP shunt infection note,ventriculitis|CSF shunt,,healthcare_associated_cns_infection,A,,02_DRUG_PROFILES_SAFE_KNOWLEDGE/healthcare_associated_cns_infection/evd_vp_shunt_infection_note.md,false,unresolved_manual_review_required,context_or_specialist_note_required,true,true,,,,,該当なし,,医療関連脳室炎・シャント感染,通常髄膜炎と分ける安全noteが必要。,デバイス抜去/交換、培養、抗菌薬移行性、施設手順
papaverine_ia,パパベリン動注note,intra-arterial papaverine,intra-arterial papaverine,IA papaverine,,vasospasm_endovascular_procedural,A,,02_DRUG_PROFILES_SAFE_KNOWLEDGE/vasospasm_endovascular_procedural/papaverine_ia.md,false,unresolved_manual_review_required,procedural_context_note_required,true,true,,,,,未確定,,SAH血管攣縮の血管内治療・historical/procedural,標準静注薬と混同不可。,頭蓋内圧上昇、神経毒性、施設プロトコル
verapamil_ia,ベラパミル動注note,intra-arterial verapamil,intra-arterial verapamil,IA verapamil,,vasospasm_endovascular_procedural,A,,02_DRUG_PROFILES_SAFE_KNOWLEDGE/vasospasm_endovascular_procedural/verapamil_ia.md,false,unresolved_manual_review_required,procedural_context_note_required,true,true,,,,,ワソラン等,,血管攣縮の血管内治療文脈,心血管薬としての通常投与と区別。,血圧低下、徐脈、専門手技
nicardipine_ia_it_context,ニカルジピン動注/髄腔内投与note,nicardipine intra-arterial/intrathecal context,nicardipine intra-arterial/intrathecal context,IA nicardipine|intrathecal nicardipine,,vasospasm_endovascular_procedural,A,,02_DRUG_PROFILES_SAFE_KNOWLEDGE/vasospasm_endovascular_procedural/nicardipine_ia_it_context.md,false,unresolved_manual_review_required,procedural_context_note_required,true,true,,,,,ペルジピン等,,血管攣縮局所治療文脈,降圧薬profileとは別noteが必要。,標準治療と断定しない、施設プロトコル必須
milrinone_ia_iv_vasospasm,ミルリノン静注/動注文脈note,milrinone vasospasm context,milrinone vasospasm context,milrinone vasospasm|MILRISPASM,,vasospasm_endovascular_procedural,A,,02_DRUG_PROFILES_SAFE_KNOWLEDGE/vasospasm_endovascular_procedural/milrinone_ia_iv_vasospasm.md,false,unresolved_manual_review_required,procedural_context_note_required,true,true,,,,,ミルリーラ等,,SAH血管攣縮/DCI文脈,心不全薬としてのミルリノンと区別。,低血圧、不整脈、腎機能、専門判断
phenylephrine,フェニレフリン,phenylephrine,phenylephrine,PE,,vasospasm_endovascular_procedural,B,,02_DRUG_PROFILES_SAFE_KNOWLEDGE/vasospasm_endovascular_procedural/phenylephrine.md,false,unresolved_manual_review_required,procedural_context_note_required,true,true,,,,,ネオシネジン等,,DCI/麻酔中昇圧文脈,昇圧薬class補完。,過度昇圧、徐脈、末梢虚血
norepinephrine_dci_context,ノルアドレナリンDCI昇圧note,norepinephrine DCI context,norepinephrine DCI context,noradrenaline|NE,,vasospasm_endovascular_procedural,B,,02_DRUG_PROFILES_SAFE_KNOWLEDGE/vasospasm_endovascular_procedural/norepinephrine_dci_context.md,false,unresolved_manual_review_required,procedural_context_note_required,true,true,,,,,ノルアドリナリン等,,DCI管理・昇圧療法文脈,既存薬でもDCI文脈を分ける。,血圧目標、心負荷、施設プロトコル
aminolevulinic_acid_5ala,5-ALA / アミノレブリン酸,aminolevulinic acid,aminolevulinic acid,5-ALA|ALA|Alabel,,perioperative_visualization_contrast,A,,02_DRUG_PROFILES_SAFE_KNOWLEDGE/perioperative_visualization_contrast/aminolevulinic_acid_5ala.md,false,unresolved_manual_review_required,procedure_safety_note_required,true,true,,,,,アラベル等,,悪性神経膠腫手術の蛍光診断,術中可視化薬として重要。,光線過敏、肝機能、併用薬、遮光
indocyanine_green,インドシアニングリーン / ICG,indocyanine green,indocyanine green,ICG,,perioperative_visualization_contrast,B,,02_DRUG_PROFILES_SAFE_KNOWLEDGE/perioperative_visualization_contrast/indocyanine_green.md,false,unresolved_manual_review_required,procedure_safety_note_required,true,true,,,,,ジアグノグリーン等,,脳血管手術の蛍光血管撮影,術中血管評価で重要。,ショック、過敏症、ヨード過敏確認、肝機能
fluorescein_sodium,フルオレセインナトリウム,fluorescein sodium,fluorescein sodium,fluorescein,,perioperative_visualization_contrast,B,,02_DRUG_PROFILES_SAFE_KNOWLEDGE/perioperative_visualization_contrast/fluorescein_sodium.md,false,unresolved_manual_review_required,procedure_safety_note_required,true,true,,,,,フルオレサイト等,,腫瘍・血管可視化の施設使用文脈,国内適応・院内手順確認が必要。,アナフィラキシー、皮膚黄染、施設手順
iodinated_contrast_class,ヨード造影剤class,iodinated contrast media class,iodinated contrast media class,iodine contrast|CTA|DSA,,perioperative_visualization_contrast,A,,02_DRUG_PROFILES_SAFE_KNOWLEDGE/perioperative_visualization_contrast/iodinated_contrast_class.md,false,unresolved_manual_review_required,procedure_safety_note_required,true,true,,,,,イオパミロン、オムニパーク等,,CTA/血管造影/CT造影,薬剤師RAGで腎機能・アレルギー・メトホルミン確認が必須。,腎機能、過敏症、甲状腺、メトホルミン、血管外漏出
gadolinium_contrast_class,ガドリニウム造影剤class,gadolinium contrast media class,gadolinium contrast media class,Gd contrast|GBCA,,perioperative_visualization_contrast,A,,02_DRUG_PROFILES_SAFE_KNOWLEDGE/perioperative_visualization_contrast/gadolinium_contrast_class.md,false,unresolved_manual_review_required,procedure_safety_note_required,true,true,,,,,ガドビスト、マグネビスト等,,MRI造影,NSF・腎機能・線状/大環状の説明が必要。,eGFR、NSF、蓄積、妊娠授乳、過敏症
contrast_allergy_premed_note,造影剤アレルギー前投薬note,contrast allergy premedication note,contrast allergy premedication note,premedication,,perioperative_visualization_contrast,A,,02_DRUG_PROFILES_SAFE_KNOWLEDGE/perioperative_visualization_contrast/contrast_allergy_premed_note.md,false,unresolved_manual_review_required,procedure_safety_note_required,true,true,,,,,ステロイド、抗ヒスタミン薬等,,造影剤過敏症既往への対応,造影可否判断と緊急対応をRAGで混同しない。,前投薬で完全予防不可、緊急対応、リスク層別化
metformin_iodinated_contrast_note,メトホルミンとヨード造影剤note,metformin iodinated contrast note,metformin iodinated contrast note,metformin contrast,,perioperative_visualization_contrast,A,,02_DRUG_PROFILES_SAFE_KNOWLEDGE/perioperative_visualization_contrast/metformin_iodinated_contrast_note.md,false,unresolved_manual_review_required,procedure_safety_note_required,true,true,,,,,メトホルミン製剤,,ヨード造影時の乳酸アシドーシスリスク管理,脳外造影検査で薬剤師が確認すべき代表。,eGFR、AKI、休薬/再開、施設基準
gadolinium_nsf_macrocyclic_note,ガドリニウムNSF・大環状/線状note,gadolinium NSF macrocyclic linear note,gadolinium NSF macrocyclic linear note,NSF|macrocyclic|linear GBCA,,perioperative_visualization_contrast,A,,02_DRUG_PROFILES_SAFE_KNOWLEDGE/perioperative_visualization_contrast/gadolinium_nsf_macrocyclic_note.md,false,unresolved_manual_review_required,procedure_safety_note_required,true,true,,,,,GBCA各種,,腎機能低下時MRI造影安全性,GBCAを一括扱いしないため。,eGFR、透析、線状/大環状、蓄積説明
baclofen,バクロフェン,baclofen,baclofen,Lioresal,,spasticity_functional_neurosurgery,A,,02_DRUG_PROFILES_SAFE_KNOWLEDGE/spasticity_functional_neurosurgery/baclofen.md,false,unresolved_manual_review_required,context_note_required,true,true,,,,,リオレサール等,,痙縮管理,脳卒中後痙縮・脊髄疾患で重要。,眠気、筋力低下、腎機能、離脱
intrathecal_baclofen_note,髄腔内バクロフェンnote,intrathecal baclofen note,intrathecal baclofen note,ITB|baclofen pump,,spasticity_functional_neurosurgery,A,,02_DRUG_PROFILES_SAFE_KNOWLEDGE/spasticity_functional_neurosurgery/intrathecal_baclofen_note.md,false,unresolved_manual_review_required,context_note_required,true,true,,,,,ギャバロン髄注等,,ITBポンプ管理,離脱・過量が生命危険。,離脱症候群、過量、ポンプトラブル、緊急対応
botulinum_toxin,ボツリヌス毒素製剤,botulinum toxin,botulinum toxin,BoNT|Botox,,spasticity_functional_neurosurgery,A,,02_DRUG_PROFILES_SAFE_KNOWLEDGE/spasticity_functional_neurosurgery/botulinum_toxin.md,false,unresolved_manual_review_required,context_note_required,true,true,,,,,ボトックス、ゼオマイン等,,脳卒中後痙縮、ジストニア,製剤単位換算禁止が重要。,製剤間単位換算禁止、嚥下障害、筋力低下、抗体
tizanidine,チザニジン,tizanidine,tizanidine,Ternelin,,spasticity_functional_neurosurgery,B,,02_DRUG_PROFILES_SAFE_KNOWLEDGE/spasticity_functional_neurosurgery/tizanidine.md,false,unresolved_manual_review_required,context_note_required,true,true,,,,,テルネリン等,,痙縮・筋緊張管理,中枢性筋弛緩薬として補完。,眠気、低血圧、肝障害、CYP1A2相互作用
dantrolene,ダントロレン,dantrolene,dantrolene,Dantrium,,spasticity_functional_neurosurgery,B,,02_DRUG_PROFILES_SAFE_KNOWLEDGE/spasticity_functional_neurosurgery/dantrolene.md,false,unresolved_manual_review_required,context_note_required,true,true,,,,,ダントリウム等,,痙縮、悪性症候群/悪性高熱文脈,重症神経・麻酔関連で出る。,肝障害、筋力低下、呼吸筋、悪性高熱
levodopa_carbidopa,レボドパ/カルビドパ,levodopa carbidopa,levodopa carbidopa,L-dopa|carbidopa,,spasticity_functional_neurosurgery,B,,02_DRUG_PROFILES_SAFE_KNOWLEDGE/spasticity_functional_neurosurgery/levodopa_carbidopa.md,false,unresolved_manual_review_required,context_note_required,true,true,,,,,メネシット等,,DBS周術期、パーキンソン病薬継続,中断リスクが高い。,悪性症候群様症状、嚥下不可時対応、幻覚
dopamine_agonists_context,ドパミンアゴニストDBS周術期note,dopamine agonists context,dopamine agonists context,pramipexole|ropinirole|rotigotine,,spasticity_functional_neurosurgery,B,,02_DRUG_PROFILES_SAFE_KNOWLEDGE/spasticity_functional_neurosurgery/dopamine_agonists_context.md,false,unresolved_manual_review_required,context_note_required,true,true,,,,,プラミペキソール、ロピニロール等,,DBS周術期・機能的脳外,中断・過量・精神症状リスク。,突発睡眠、幻覚、衝動制御障害、離脱
dbs_perioperative_antiparkinson_note,DBS周術期抗パーキンソン薬note,DBS perioperative antiparkinson medication note,DBS perioperative antiparkinson medication note,DBS|deep brain stimulation,,spasticity_functional_neurosurgery,A,,02_DRUG_PROFILES_SAFE_KNOWLEDGE/spasticity_functional_neurosurgery/dbs_perioperative_antiparkinson_note.md,false,unresolved_manual_review_required,context_note_required,true,true,,,,,該当なし,,DBS術前後の薬剤調整,薬剤中断リスクをRAGが落とさないため。,中断、嚥下不可、悪性症候群様症状、神経内科連携
acetazolamide,アセタゾラミド,acetazolamide,acetazolamide,Diamox|IIH,,csf_iih,A,,02_DRUG_PROFILES_SAFE_KNOWLEDGE/csf_iih/acetazolamide.md,false,unresolved_manual_review_required,active_profile_required,true,true,,,,,ダイアモックス等,,特発性頭蓋内圧亢進症、髄液産生抑制文脈,ICP/CSF領域でV2に薄かった穴。,腎機能、低K/代謝性アシドーシス、尿路結石、サルファ過敏
isosorbide_oral,イソソルビド内用液,isosorbide,isosorbide,Isobide,,csf_iih,B,,02_DRUG_PROFILES_SAFE_KNOWLEDGE/csf_iih/isosorbide_oral.md,false,unresolved_manual_review_required,active_profile_required,true,true,,,,,イソバイド等,,浸透圧利尿、脳圧/内耳系文脈,脳圧・浮腫関連で施設により出る。,脱水、電解質、腎機能、糖尿病
dexamethasone_tumor_edema_context,デキサメタゾン腫瘍浮腫文脈note,dexamethasone tumor edema context,dexamethasone tumor edema context,Decadron,,csf_iih,A,,02_DRUG_PROFILES_SAFE_KNOWLEDGE/csf_iih/dexamethasone_tumor_edema_context.md,false,unresolved_manual_review_required,context_note_required,true,true,,,,,デカドロン等,,脳腫瘍周辺浮腫、転移性脳腫瘍,既存ステロイドを腫瘍浮腫・感染補助・制吐・内分泌で分ける必要。,高血糖、感染、消化管、筋症、漸減、副腎抑制
