knowledge_file,target_section_id,target_section_label,provenance_scope,source_paths,source_section_refs,provenance_type,naturalization_role,safety_boundary_basis,stylistic_naturalization_basis,review_status,reviewer,review_date,change_trigger,version_note
knowledge/01_START_HERE_AND_POSITIONING.md,summary-01,clinician_facing_summary,summary_layer,"references/neurosurgery_qc_package/final_qc_manifest.json;references/neurosurgery_qc_package/neurosurgery_integrated_safe_rag_package/README.md;references/neurosurgery_qc_package/neurosurgery_integrated_safe_rag_package/Integrated_Obsidian_Vault/README.md;references/neurosurgery_qc_package/neurosurgery_integrated_safe_rag_package/Integrated_Obsidian_Vault/99_Exports/Upload_Bundles/01_positioning_warnings_negative.md","package manifest positioning; package README positioning; vault README boundary framing; upload bundle positioning and warning section",multi_source_summary,clinician-facing introduction,"retain not-a-guideline, not-a-procedure, and human-review boundary","reorder opening so package purpose and usage are stated before audit phrasing",draft,unassigned,unassigned,initial_provenance_bootstrap,Initial pilot entry for summary layer provenance
knowledge/03_HIGH_RISK_WARNINGS_AND_NEGATIVE_KNOWLEDGE.md,summary-03,clinician_facing_summary,summary_layer,"references/neurosurgery_qc_package/neurosurgery_integrated_safe_rag_package/Integrated_Obsidian_Vault/99_Exports/Upload_Bundles/01_positioning_warnings_negative.md;references/neurosurgery_qc_package/neurosurgery_integrated_safe_rag_package/Integrated_Obsidian_Vault/08_Negative_Knowledge/Layer2薬剤_標準化しない事項.md;references/neurosurgery_qc_package/neurosurgery_integrated_safe_rag_package/Integrated_Obsidian_Vault/99_Exports/Upload_Bundles/03_drugs_drug_classes.md","global warnings section; layer2 standardization-prohibition notes; drug bundle high-risk segments",multi_source_summary,high-risk reasoning seed,"preserve explicit shortcut prohibitions and negative knowledge intent","shift the opening from fail-list tone to decision-point framing without weakening prohibitions",draft,unassigned,unassigned,initial_provenance_bootstrap,Initial pilot entry for summary layer provenance
knowledge/08_THRESHOLDS_AND_CONDITIONS.md,summary-08,clinician_facing_summary_and_reasoning,summary_layer,"references/neurosurgery_qc_package/neurosurgery_integrated_safe_rag_package/Integrated_Obsidian_Vault/99_Exports/Upload_Bundles/04_evidence_operations_cds_audit_tests.md;references/neurosurgery_qc_package/neurosurgery_integrated_safe_rag_package/Integrated_Obsidian_Vault/99_Exports/CSV_Masters/conditions_thresholds_audit_master.csv","threshold and condition bundle segment; conditions thresholds audit master",source_faithful_paraphrase,threshold-interpretation framing,"preserve thresholds-as-conditions-not-recommendations boundary","explain how to use thresholds as branching aids rather than as standalone recommendations",draft,unassigned,unassigned,initial_provenance_bootstrap,Initial pilot entry for summary layer provenance
knowledge/09_EVIDENCE_AND_PRIMARY_SOURCE_CHECKLISTS.md,summary-09,clinician_facing_summary_and_usage_context,summary_layer,"references/neurosurgery_qc_package/neurosurgery_integrated_safe_rag_package/Integrated_Obsidian_Vault/99_Exports/Upload_Bundles/04_evidence_operations_cds_audit_tests.md;references/neurosurgery_qc_package/neurosurgery_integrated_safe_rag_package/Integrated_Obsidian_Vault/12_Evidence/Primary_Source_Checklists/PMDA電子添文チェックリスト.md;references/neurosurgery_qc_package/neurosurgery_integrated_safe_rag_package/Integrated_Obsidian_Vault/12_Evidence/Primary_Source_Checklists/RMP_安全性情報チェックリスト.md;references/neurosurgery_qc_package/neurosurgery_integrated_safe_rag_package/Integrated_Obsidian_Vault/12_Evidence/Guideline_Checklists/国内脳卒中GLチェックリスト.md;references/neurosurgery_qc_package/neurosurgery_integrated_safe_rag_package/Integrated_Obsidian_Vault/12_Evidence/RCT_Checklists/CRASH-3チェックリスト.md","evidence and primary-source bundle segment; PMDA checklist; RMP checklist; domestic guideline checklist; CRASH-3 checklist",multi_source_summary,evidence-source selection framing,"preserve source-role separation and non-substitution for facility operability","move from checklist-only tone to explain-which-source-for-which-question framing",draft,unassigned,unassigned,initial_provenance_bootstrap,Initial pilot entry for summary layer provenance
knowledge/12_AI_ERROR_TESTS_AND_VALIDATION.md,summary-12,clinician_facing_summary_and_validation_rationale,summary_layer,"references/neurosurgery_qc_package/neurosurgery_integrated_safe_rag_package/Integrated_Obsidian_Vault/91_AI_Error_Tests/高リスク誤回答テスト_拡張版.md;references/neurosurgery_qc_package/neurosurgery_integrated_safe_rag_package/Integrated_Obsidian_Vault/91_AI_Error_Tests/Layer2薬剤誤回答テスト.md;references/neurosurgery_qc_package/neurosurgery_integrated_safe_rag_package/Integrated_Obsidian_Vault/91_AI_Error_Tests/Validation_Audit_Operations_誤回答テスト.md;references/neurosurgery_qc_package/neurosurgery_integrated_safe_rag_package/Integrated_Obsidian_Vault/99_Exports/CSV_Masters/validation_ai_error_tests.csv","high-risk error suite; layer2 error suite; validation audit operations suite; validation ai error tests master",multi_source_summary,validation rationale,"preserve hard fail conditions around unsafe certainty and over-implementation","add why-dangerous and expected-answer-direction framing before the fail list",draft,unassigned,unassigned,initial_provenance_bootstrap,Initial pilot entry for summary layer provenance
knowledge/13_AUDIT_LOGS_AND_UPDATE_OPERATIONS.md,summary-13,clinician_facing_summary_and_audit_purpose,summary_layer,"references/neurosurgery_qc_package/neurosurgery_integrated_safe_rag_package/Integrated_Obsidian_Vault/90_Audit/RAG_Export監査チェックリスト.md;references/neurosurgery_qc_package/neurosurgery_integrated_safe_rag_package/Integrated_Obsidian_Vault/90_Audit/更新トリガー監査表.md;references/neurosurgery_qc_package/neurosurgery_integrated_safe_rag_package/Integrated_Obsidian_Vault/90_Audit/監査ログテンプレート.md;references/neurosurgery_qc_package/neurosurgery_integrated_safe_rag_package/Integrated_Obsidian_Vault/99_Exports/Validation_Reports/final_qc_report.md","RAG export audit checklist; update trigger audit table; audit log template; final QC report",multi_source_summary,audit and update framing,"preserve explicit update triggers, logging requirements, and human review traceability","explain why audit exists before listing operational requirements",draft,unassigned,unassigned,initial_provenance_bootstrap,Initial pilot entry for summary layer provenance
knowledge/04_DISEASE_NOTES.md,summary-04,clinician_facing_summary_and_reasoning,summary_layer,"references/neurosurgery_qc_package/neurosurgery_integrated_safe_rag_package/Integrated_Obsidian_Vault/99_Exports/Upload_Bundles/02_diseases_patient_states_procedures.md","disease notes segment from upload bundle 02",source_faithful_paraphrase,disease-context framing,"preserve disease-does-not-equal-drug-choice boundary and cross-reference requirement","reframe the opening as problem-setting guidance before disease-specific checklist content",draft,unassigned,unassigned,pilot_expansion_04_05_06_07_10_11,Initial pilot entry for disease notes summary provenance
knowledge/04_DISEASE_NOTES.md,summary-04-01,practical_reasoning_section,secondary_naturalized_section,"references/neurosurgery_qc_package/neurosurgery_integrated_safe_rag_package/Integrated_Obsidian_Vault/99_Exports/Upload_Bundles/02_diseases_patient_states_procedures.md;references/neurosurgery_qc_package/neurosurgery_integrated_safe_rag_package/Integrated_Obsidian_Vault/99_Exports/Upload_Bundles/04_evidence_operations_cds_audit_tests.md","disease notes segment from upload bundle 02; cross-reference expectations reflected through evidence and condition bundle usage",multi_source_summary,disease-to-branch reasoning,"preserve disease-specific branching and do-not-generalize guardrails","explain how disease framing leads into exposure, threshold, procedure, and facility checks",draft,unassigned,unassigned,secondary_section_pilot_04_05_06_07_10_11,Secondary naturalized provenance entry for the practical reasoning section
knowledge/05_DRUG_CLASS_AND_LAYER2_DRUG_NOTES.md,summary-05,clinician_facing_summary_and_reasoning,summary_layer,"references/neurosurgery_qc_package/neurosurgery_integrated_safe_rag_package/Integrated_Obsidian_Vault/99_Exports/Upload_Bundles/03_drugs_drug_classes.md;references/neurosurgery_qc_package/neurosurgery_integrated_safe_rag_package/Integrated_Obsidian_Vault/99_Exports/CSV_Masters/layer1_drug_notes_master.csv;references/neurosurgery_qc_package/neurosurgery_integrated_safe_rag_package/Integrated_Obsidian_Vault/99_Exports/CSV_Masters/layer2_indexed_drug_master.csv;references/neurosurgery_qc_package/neurosurgery_integrated_safe_rag_package/Integrated_Obsidian_Vault/08_Negative_Knowledge/Layer2薬剤_標準化しない事項.md","drug classes bundle segment; layer1 drug notes master; layer2 indexed drug master; layer2 standardization-prohibition notes",multi_source_summary,drug-name caution framing,"preserve no-drug-name-only conclusion boundary and explicit non-standardization constraints","turn the opening into a verification-first framing rather than a candidate list introduction",draft,unassigned,unassigned,pilot_expansion_04_05_06_07_10_11,Initial pilot entry for drug notes summary provenance
knowledge/05_DRUG_CLASS_AND_LAYER2_DRUG_NOTES.md,summary-05-01,practical_reasoning_section,secondary_naturalized_section,"references/neurosurgery_qc_package/neurosurgery_integrated_safe_rag_package/Integrated_Obsidian_Vault/99_Exports/Upload_Bundles/03_drugs_drug_classes.md;references/neurosurgery_qc_package/neurosurgery_integrated_safe_rag_package/Integrated_Obsidian_Vault/08_Negative_Knowledge/Layer2薬剤_標準化しない事項.md","drug classes bundle segment; layer2 standardization-prohibition notes",multi_source_summary,drug-name-to-context reasoning,"preserve class-specific splitting and anti-shortcut drug-name warnings","explain why a drug name can start the search but cannot become the conclusion",draft,unassigned,unassigned,secondary_section_pilot_04_05_06_07_10_11,Secondary naturalized provenance entry for the practical reasoning section
knowledge/06_PATIENT_STATE_NOTES.md,summary-06,clinician_facing_summary_and_reasoning,summary_layer,"references/neurosurgery_qc_package/neurosurgery_integrated_safe_rag_package/Integrated_Obsidian_Vault/99_Exports/Upload_Bundles/02_diseases_patient_states_procedures.md","patient state notes segment from upload bundle 02",source_faithful_paraphrase,patient-state branching framing,"preserve patient-state-does-not-equal-automatic-candidate boundary","explain patient-state checks as the bridge between abstract disease/drug logic and real-case branching",draft,unassigned,unassigned,pilot_expansion_04_05_06_07_10_11,Initial pilot entry for patient state summary provenance
knowledge/06_PATIENT_STATE_NOTES.md,summary-06-01,practical_reasoning_section,secondary_naturalized_section,"references/neurosurgery_qc_package/neurosurgery_integrated_safe_rag_package/Integrated_Obsidian_Vault/99_Exports/Upload_Bundles/02_diseases_patient_states_procedures.md;references/neurosurgery_qc_package/neurosurgery_integrated_safe_rag_package/Integrated_Obsidian_Vault/99_Exports/CSV_Masters/conditions_thresholds_audit_master.csv","patient state notes segment from upload bundle 02; condition and threshold master where patient-state checks influence interpretation",multi_source_summary,patient-state-to-eligibility reasoning,"preserve the rule that patient state qualifies or blocks assumptions rather than generates automatic choices","reframe patient state as the realism check on disease and drug logic",draft,unassigned,unassigned,secondary_section_pilot_04_05_06_07_10_11,Secondary naturalized provenance entry for the practical reasoning section
knowledge/07_PROCEDURE_AND_PERIOPERATIVE_NOTES.md,summary-07,clinician_facing_summary_and_reasoning,summary_layer,"references/neurosurgery_qc_package/neurosurgery_integrated_safe_rag_package/Integrated_Obsidian_Vault/99_Exports/Upload_Bundles/02_diseases_patient_states_procedures.md","procedure and perioperative notes segment from upload bundle 02",source_faithful_paraphrase,procedure-timing framing,"preserve procedure timing as a separate branching axis from disease and drug labels","reorder the opening to foreground timing and team workflow before per-procedure checklist details",draft,unassigned,unassigned,pilot_expansion_04_05_06_07_10_11,Initial pilot entry for procedure notes summary provenance
knowledge/07_PROCEDURE_AND_PERIOPERATIVE_NOTES.md,summary-07-01,practical_reasoning_section,secondary_naturalized_section,"references/neurosurgery_qc_package/neurosurgery_integrated_safe_rag_package/Integrated_Obsidian_Vault/99_Exports/Upload_Bundles/02_diseases_patient_states_procedures.md;references/neurosurgery_qc_package/neurosurgery_integrated_safe_rag_package/Integrated_Obsidian_Vault/10_Operationalization/Unit_Operation/ICU_SCU_HCU_一般病棟運用チェックリスト.md","procedure and perioperative notes segment from upload bundle 02; unit operation checklist where timing changes operational requirements",multi_source_summary,procedure-timing-to-workflow reasoning,"preserve the distinction between procedure timing, handoff requirements, and drug-specific branches","explain why time-to-procedure changes the meaning of tests, exposures, and team coordination",draft,unassigned,unassigned,secondary_section_pilot_04_05_06_07_10_11,Secondary naturalized provenance entry for the practical reasoning section
knowledge/10_OPERATIONAL_AND_FACILITY_CHECKLISTS.md,summary-10,clinician_facing_summary_and_reasoning,summary_layer,"references/neurosurgery_qc_package/neurosurgery_integrated_safe_rag_package/Integrated_Obsidian_Vault/99_Exports/Upload_Bundles/04_evidence_operations_cds_audit_tests.md;references/neurosurgery_qc_package/neurosurgery_integrated_safe_rag_package/Integrated_Obsidian_Vault/10_Operationalization/Committee_Approval/委員会承認チェックリスト.md;references/neurosurgery_qc_package/neurosurgery_integrated_safe_rag_package/Integrated_Obsidian_Vault/10_Operationalization/Formulary_Stock/施設採用品_夜間休日在庫チェックリスト.md;references/neurosurgery_qc_package/neurosurgery_integrated_safe_rag_package/Integrated_Obsidian_Vault/10_Operationalization/Nursing_Monitoring/看護観察体制チェックリスト.md;references/neurosurgery_qc_package/neurosurgery_integrated_safe_rag_package/Integrated_Obsidian_Vault/10_Operationalization/Pharmacy_Workflow/薬剤部調製_払い出しチェックリスト.md;references/neurosurgery_qc_package/neurosurgery_integrated_safe_rag_package/Integrated_Obsidian_Vault/10_Operationalization/Transfusion_Workflow/輸血部運用チェックリスト.md;references/neurosurgery_qc_package/neurosurgery_integrated_safe_rag_package/Integrated_Obsidian_Vault/10_Operationalization/Unit_Operation/ICU_SCU_HCU_一般病棟運用チェックリスト.md;references/neurosurgery_qc_package/neurosurgery_integrated_safe_rag_package/Integrated_Obsidian_Vault/99_Exports/CSV_Masters/facility_confirmation_master.csv","operations and facility segment from upload bundle 04; committee approval checklist; formulary stock checklist; nursing monitoring checklist; pharmacy workflow checklist; transfusion workflow checklist; unit operation checklist; facility confirmation master",multi_source_summary,operational feasibility framing,"preserve separation between clinical relevance and facility operability","explain where real-world execution can fail before listing operational checklist domains",draft,unassigned,unassigned,pilot_expansion_04_05_06_07_10_11,Initial pilot entry for operational checklist summary provenance
knowledge/10_OPERATIONAL_AND_FACILITY_CHECKLISTS.md,summary-10-01,practical_reasoning_section,secondary_naturalized_section,"references/neurosurgery_qc_package/neurosurgery_integrated_safe_rag_package/Integrated_Obsidian_Vault/99_Exports/Upload_Bundles/04_evidence_operations_cds_audit_tests.md;references/neurosurgery_qc_package/neurosurgery_integrated_safe_rag_package/Integrated_Obsidian_Vault/10_Operationalization/Formulary_Stock/施設採用品_夜間休日在庫チェックリスト.md;references/neurosurgery_qc_package/neurosurgery_integrated_safe_rag_package/Integrated_Obsidian_Vault/10_Operationalization/Unit_Operation/ICU_SCU_HCU_一般病棟運用チェックリスト.md","operations and facility segment from upload bundle 04; formulary stock checklist; unit operation checklist",multi_source_summary,clinical-vs-operational reasoning,"preserve the split between medical relevance and facility feasibility","explain why a clinically relevant option can still be operationally unavailable or unsafe locally",draft,unassigned,unassigned,secondary_section_pilot_04_05_06_07_10_11,Secondary naturalized provenance entry for the practical reasoning section
knowledge/11_CDS_CANDIDATE_BOUNDARIES.md,summary-11,clinician_facing_summary_and_reasoning,summary_layer,"references/neurosurgery_qc_package/neurosurgery_integrated_safe_rag_package/Integrated_Obsidian_Vault/99_Exports/Upload_Bundles/04_evidence_operations_cds_audit_tests.md;references/neurosurgery_qc_package/neurosurgery_integrated_safe_rag_package/Integrated_Obsidian_Vault/11_CDS_Candidates/High_Constraint_Input_Control_候補.md;references/neurosurgery_qc_package/neurosurgery_integrated_safe_rag_package/Integrated_Obsidian_Vault/11_CDS_Candidates/Readiness_Assessment/CDS_Readiness_Assessment.md;references/neurosurgery_qc_package/neurosurgery_integrated_safe_rag_package/Integrated_Obsidian_Vault/99_Exports/CSV_Masters/cds_readiness_master.csv","cds candidate segment from upload bundle 04; high constraint input control candidate; CDS readiness assessment; CDS readiness master",multi_source_summary,cds-boundary framing,"preserve candidate-vs-implementation split and no-order-generation boundary","move from specification-sounding language to staged boundary explanation without weakening governance controls",draft,unassigned,unassigned,pilot_expansion_04_05_06_07_10_11,Initial pilot entry for CDS boundary summary provenance
knowledge/11_CDS_CANDIDATE_BOUNDARIES.md,summary-11-01,practical_reasoning_section,secondary_naturalized_section,"references/neurosurgery_qc_package/neurosurgery_integrated_safe_rag_package/Integrated_Obsidian_Vault/11_CDS_Candidates/High_Constraint_Input_Control_候補.md;references/neurosurgery_qc_package/neurosurgery_integrated_safe_rag_package/Integrated_Obsidian_Vault/11_CDS_Candidates/Readiness_Assessment/CDS_Readiness_Assessment.md;references/neurosurgery_qc_package/neurosurgery_integrated_safe_rag_package/Integrated_Obsidian_Vault/99_Exports/CSV_Masters/cds_readiness_master.csv","high constraint input control candidate; CDS readiness assessment; CDS readiness master",multi_source_summary,candidate-to-governed-spec reasoning,"preserve staged gating, non-ordering boundary, and governance prerequisites","explain why candidate logic must be split from production implementation artifacts and approvals",draft,unassigned,unassigned,secondary_section_pilot_04_05_06_07_10_11,Secondary naturalized provenance entry for the practical reasoning section